Selected Gene,Selected Gene name,Selected Strand,Selected TSS,Overlapping Gene,Overlapping Gene name,Overlapping Strand,Overlapping TSS
ENSG00000102547,CAB39L,-1,49444064,ENSG00000136169,SETDB2,1,49444274
ENSG00000204899,MZT1,-1,72727629,ENSG00000136122,BORA,1,72727923
ENSG00000120685,PROSER1,-1,39038089,ENSG00000188811,NHLRC3,1,39038456
ENSG00000083535,PIBF1,1,72782133,ENSG00000083520,DIS3,-1,72781900
ENSG00000136122,BORA,1,72727923,ENSG00000204899,MZT1,-1,72727629
ENSG00000188811,NHLRC3,1,39038456,ENSG00000120685,PROSER1,-1,39038089
ENSG00000083520,DIS3,-1,72781900,ENSG00000083535,PIBF1,1,72782133
ENSG00000134871,COL4A2,1,110307284,ENSG00000187498,COL4A1,-1,110307157
ENSG00000187498,COL4A1,-1,110307157,ENSG00000134871,COL4A2,1,110307284
ENSG00000189167,ZAR1L,-1,32315363,ENSG00000139618,BRCA2,1,32315508
ENSG00000134897,BIVM,1,102799119,ENSG00000134901,POGLUT2,-1,102798976
ENSG00000123191,ATP7B,-1,52011450,ENSG00000253710,ALG11,1,52012398
ENSG00000288716,,-1,77326988,ENSG00000005810,MYCBP2,-1,77327094
ENSG00000136169,SETDB2,1,49444274,ENSG00000102547,CAB39L,-1,49444064
ENSG00000165480,SKA3,-1,21176552,ENSG00000173141,MRPL57,1,21176658
ENSG00000173141,MRPL57,1,21176658,ENSG00000165480,SKA3,-1,21176552
ENSG00000151773,CCDC122,-1,43879740,ENSG00000179630,LACC1,1,43879904
ENSG00000179630,LACC1,1,43879904,ENSG00000151773,CCDC122,-1,43879740
ENSG00000150401,DCUN1D2,-1,113490711,ENSG00000150403,TMCO3,1,113491021
ENSG00000150403,TMCO3,1,113491021,ENSG00000150401,DCUN1D2,-1,113490711
ENSG00000005810,MYCBP2,-1,77327094,ENSG00000288716,,-1,77326988
ENSG00000253710,ALG11,1,52012398,ENSG00000123191,ATP7B,-1,52011450
ENSG00000126226,PCID2,-1,113208669,ENSG00000139842,CUL4A,1,113209613
ENSG00000139842,CUL4A,1,113209613,ENSG00000126226,PCID2,-1,113208669
ENSG00000134901,POGLUT2,-1,102798976,ENSG00000134897,BIVM,1,102799119
ENSG00000083635,NUFIP1,-1,44989471,ENSG00000133114,GPALPP1,1,44989538
ENSG00000133114,GPALPP1,1,44989538,ENSG00000083635,NUFIP1,-1,44989471
ENSG00000139618,BRCA2,1,32315508,ENSG00000189167,ZAR1L,-1,32315363
ENSG00000243927,MRPS6,1,34073578,ENSG00000198743,SLC5A3,1,34073578
ENSG00000198743,SLC5A3,1,34073578,ENSG00000243927,MRPS6,1,34073578
ENSG00000205726,ITSN1,1,33642501,ENSG00000205758,CRYZL1,-1,33641741
ENSG00000205758,CRYZL1,-1,33641741,ENSG00000205726,ITSN1,1,33642501
ENSG00000160208,RRP1B,1,43659560,ENSG00000160207,HSF2BP,-1,43659488
ENSG00000154727,GABPA,1,25734972,ENSG00000154723,ATP5PF,-1,25734904
ENSG00000185808,PIGP,-1,37073071,ENSG00000182670,TTC3,1,37073254
ENSG00000160207,HSF2BP,-1,43659488,ENSG00000160208,RRP1B,1,43659560
ENSG00000154723,ATP5PF,-1,25734904,ENSG00000154727,GABPA,1,25734972
ENSG00000160294,MCM3AP,-1,46285611,ENSG00000182362,YBEY,1,46286342
ENSG00000182362,YBEY,1,46286342,ENSG00000160294,MCM3AP,-1,46285611
ENSG00000160298,C21orf58,-1,46323870,ENSG00000160299,PCNT,1,46324156
ENSG00000159131,GART,-1,33542117,ENSG00000159140,SON,1,33543038
ENSG00000182670,TTC3,1,37073254,ENSG00000185808,PIGP,-1,37073071
ENSG00000160299,PCNT,1,46324156,ENSG00000160298,C21orf58,-1,46323870
ENSG00000159140,SON,1,33543038,ENSG00000159131,GART,-1,33542117
ENSG00000141665,FBXO15,-1,74147834,ENSG00000075336,TIMM21,1,74148523
ENSG00000134779,TPGS2,-1,36829002,ENSG00000150477,KIAA1328,1,36829127
ENSG00000141424,SLC39A6,-1,36129340,ENSG00000134759,ELP2,1,36129899
ENSG00000134759,ELP2,1,36129899,ENSG00000141424,SLC39A6,-1,36129340
ENSG00000197563,PIGN,-1,62187056,ENSG00000134444,RELCH,1,62187255
ENSG00000150477,KIAA1328,1,36829127,ENSG00000134779,TPGS2,-1,36829002
ENSG00000078043,PIAS2,-1,46917507,ENSG00000167216,KATNAL2,1,46917602
ENSG00000134444,RELCH,1,62187255,ENSG00000197563,PIGN,-1,62187056
ENSG00000177150,FAM210A,-1,13726558,ENSG00000101654,RNMT,1,13726673
ENSG00000101654,RNMT,1,13726673,ENSG00000177150,FAM210A,-1,13726558
ENSG00000075336,TIMM21,1,74148523,ENSG00000141665,FBXO15,-1,74147834
ENSG00000101574,METTL4,-1,2571505,ENSG00000080986,NDC80,1,2571557
ENSG00000080986,NDC80,1,2571557,ENSG00000101574,METTL4,-1,2571505
ENSG00000167216,KATNAL2,1,46917602,ENSG00000078043,PIAS2,-1,46917507
ENSG00000166845,C18orf54,1,54357906,ENSG00000174448,STARD6,-1,54357858
ENSG00000174448,STARD6,-1,54357858,ENSG00000166845,C18orf54,1,54357906
ENSG00000101624,CEP76,-1,12702723,ENSG00000128789,PSMG2,1,12703042
ENSG00000128789,PSMG2,1,12703042,ENSG00000101624,CEP76,-1,12702723
ENSG00000089101,CFAP61,1,20052532,ENSG00000101343,CRNKL1,-1,20052466
ENSG00000132825,PPP1R3D,-1,59940305,ENSG00000196227,FAM217B,1,59940389
ENSG00000101182,PSMA7,-1,62143394,ENSG00000184402,SS18L1,1,62143769
ENSG00000184402,SS18L1,1,62143769,ENSG00000101182,PSMA7,-1,62143394
ENSG00000196227,FAM217B,1,59940389,ENSG00000132825,PPP1R3D,-1,59940305
ENSG00000244462,RBM12,-1,35664900,ENSG00000214078,CPNE1,-1,35664900
ENSG00000126003,PLAGL2,-1,32207743,ENSG00000101346,POFUT1,1,32207880
ENSG00000185019,UBOX5,-1,3159865,ENSG00000215251,FASTKD5,-1,3159865
ENSG00000125871,MGME1,1,17969018,ENSG00000089006,SNX5,-1,17968794
ENSG00000232838,PET117,1,18137863,ENSG00000149474,KAT14,1,18137863
ENSG00000132801,ZSWIM3,1,45857614,ENSG00000101473,ACOT8,-1,45857392
ENSG00000089006,SNX5,-1,17968794,ENSG00000125871,MGME1,1,17969018
ENSG00000244005,NFS1,-1,35699352,ENSG00000125995,ROMO1,1,35699405
ENSG00000125995,ROMO1,1,35699405,ENSG00000244005,NFS1,-1,35699352
ENSG00000214078,CPNE1,-1,35664900,ENSG00000244462,RBM12,-1,35664900
ENSG00000124116,WFDC3,-1,45791883,ENSG00000101457,DNTTIP1,1,45791954
ENSG00000101457,DNTTIP1,1,45791954,ENSG00000124116,WFDC3,-1,45791883
ENSG00000087586,AURKA,-1,56392215,ENSG00000101138,CSTF1,1,56392645
ENSG00000101138,CSTF1,1,56392645,ENSG00000087586,AURKA,-1,56392215
ENSG00000101247,NDUFAF5,1,13785028,ENSG00000089048,ESF1,-1,13784919
ENSG00000124217,MOCS3,1,50958818,ENSG00000000419,DPM1,-1,50958532
ENSG00000101343,CRNKL1,-1,20052466,ENSG00000089101,CFAP61,1,20052532
ENSG00000124257,NEURL2,-1,45891208,ENSG00000064601,CTSA,1,45891335
ENSG00000089048,ESF1,-1,13784919,ENSG00000101247,NDUFAF5,1,13785028
ENSG00000000419,DPM1,-1,50958532,ENSG00000124217,MOCS3,1,50958818
ENSG00000101246,ARFRP1,-1,63707976,ENSG00000197114,ZGPAT,1,63708039
ENSG00000197114,ZGPAT,1,63708039,ENSG00000101246,ARFRP1,-1,63707976
ENSG00000132635,PCED1A,-1,2840655,ENSG00000215305,VPS16,1,2840745
ENSG00000215305,VPS16,1,2840745,ENSG00000132635,PCED1A,-1,2840655
ENSG00000149599,DUSP15,-1,31870527,ENSG00000131044,TTLL9,1,31870634
ENSG00000149474,KAT14,1,18137863,ENSG00000232838,PET117,1,18137863
ENSG00000215251,FASTKD5,-1,3159865,ENSG00000185019,UBOX5,-1,3159865
ENSG00000100983,GSS,-1,34955806,ENSG00000078814,MYH7B,1,34955868
ENSG00000132664,POLR3F,1,18467390,ENSG00000089091,DZANK1,-1,18467030
ENSG00000101473,ACOT8,-1,45857392,ENSG00000132801,ZSWIM3,1,45857614
ENSG00000180383,DEFB124,-1,31475127,ENSG00000088320,REM1,1,31475288
ENSG00000088320,REM1,1,31475288,ENSG00000180383,DEFB124,-1,31475127
ENSG00000089195,TRMT6,-1,5950533,ENSG00000125885,MCM8,1,5950652
ENSG00000125885,MCM8,1,5950652,ENSG00000089195,TRMT6,-1,5950533
ENSG00000089091,DZANK1,-1,18467030,ENSG00000132664,POLR3F,1,18467390
ENSG00000131044,TTLL9,1,31870634,ENSG00000149599,DUSP15,-1,31870527
ENSG00000171700,RGS19,-1,64079518,ENSG00000125510,OPRL1,1,64080082
ENSG00000101346,POFUT1,1,32207880,ENSG00000126003,PLAGL2,-1,32207743
ENSG00000064601,CTSA,1,45891335,ENSG00000124257,NEURL2,-1,45891208
ENSG00000125510,OPRL1,1,64080082,ENSG00000171700,RGS19,-1,64079518
ENSG00000078814,MYH7B,1,34955868,ENSG00000100983,GSS,-1,34955806
ENSG00000101407,TTI1,-1,38033456,ENSG00000101413,RPRD1B,1,38033746
ENSG00000101413,RPRD1B,1,38033746,ENSG00000101407,TTI1,-1,38033456
ENSG00000182858,ALG12,-1,49918438,ENSG00000184164,CRELD2,1,49918634
ENSG00000100380,ST13,-1,40856639,ENSG00000196236,XPNPEP3,1,40857148
ENSG00000196236,XPNPEP3,1,40857148,ENSG00000100380,ST13,-1,40856639
ENSG00000100104,SRRD,1,26483877,ENSG00000100099,HPS4,-1,26483783
ENSG00000100028,SNRPD3,1,24555999,ENSG00000138867,GUCD1,-1,24555138
ENSG00000133422,MORC2,-1,30968774,ENSG00000253352,TUG1,1,30969265
ENSG00000184164,CRELD2,1,49918634,ENSG00000182858,ALG12,-1,49918438
ENSG00000100410,PHF5A,-1,41468692,ENSG00000100412,ACO2,1,41469117
ENSG00000100418,DESI1,-1,41621043,ENSG00000196419,XRCC6,1,41621295
ENSG00000196419,XRCC6,1,41621295,ENSG00000100418,DESI1,-1,41621043
ENSG00000100209,HSCB,1,28742039,ENSG00000183765,CHEK2,-1,28741820
ENSG00000093010,COMT,1,19941772,ENSG00000184470,TXNRD2,-1,19941818
ENSG00000100084,HIRA,-1,19431733,ENSG00000185608,MRPL40,1,19432545
ENSG00000070010,UFD1,-1,19479193,ENSG00000093009,CDC45,1,19479920
ENSG00000093009,CDC45,1,19479920,ENSG00000070010,UFD1,-1,19479193
ENSG00000185838,GNB1L,-1,19854874,ENSG00000215012,RTL10,-1,19854874
ENSG00000184470,TXNRD2,-1,19941818,ENSG00000093010,COMT,1,19941772
ENSG00000138867,GUCD1,-1,24555138,ENSG00000100028,SNRPD3,1,24555999
ENSG00000128309,MPST,1,37019742,ENSG00000128311,TST,-1,37019447
ENSG00000128346,C22orf23,-1,37953601,ENSG00000100142,POLR2F,1,37953699
ENSG00000100142,POLR2F,1,37953699,ENSG00000128346,C22orf23,-1,37953601
ENSG00000100263,RHBDD3,-1,29267981,ENSG00000182944,EWSR1,1,29268268
ENSG00000100319,ZMAT5,-1,29767007,ENSG00000184076,UQCR10,1,29767369
ENSG00000184076,UQCR10,1,29767369,ENSG00000100319,ZMAT5,-1,29767007
ENSG00000099995,SF3A1,-1,30356894,ENSG00000187860,CCDC157,1,30357007
ENSG00000100412,ACO2,1,41469117,ENSG00000100410,PHF5A,-1,41468692
ENSG00000185608,MRPL40,1,19432545,ENSG00000100084,HIRA,-1,19431733
ENSG00000099940,SNAP29,1,20859007,ENSG00000241973,PI4KA,-1,20858811
ENSG00000100258,LMF2,-1,50507702,ENSG00000025770,NCAPH2,1,50508224
ENSG00000025770,NCAPH2,1,50508224,ENSG00000100258,LMF2,-1,50507702
ENSG00000184949,FAM227A,-1,38656392,ENSG00000100211,CBY1,1,38656638
ENSG00000187860,CCDC157,1,30357007,ENSG00000099995,SF3A1,-1,30356894
ENSG00000100211,CBY1,1,38656638,ENSG00000184949,FAM227A,-1,38656392
ENSG00000241973,PI4KA,-1,20858811,ENSG00000099940,SNAP29,1,20859007
ENSG00000253352,TUG1,1,30969265,ENSG00000133422,MORC2,-1,30968774
ENSG00000100099,HPS4,-1,26483783,ENSG00000100104,SRRD,1,26483877
ENSG00000128311,TST,-1,37019447,ENSG00000128309,MPST,1,37019742
ENSG00000182944,EWSR1,1,29268268,ENSG00000100263,RHBDD3,-1,29267981
ENSG00000077935,SMC1B,-1,45413599,ENSG00000128408,RIBC2,1,45413693
ENSG00000128408,RIBC2,1,45413693,ENSG00000077935,SMC1B,-1,45413599
ENSG00000215012,RTL10,-1,19854874,ENSG00000185838,GNB1L,-1,19854874
ENSG00000183765,CHEK2,-1,28741820,ENSG00000100209,HSCB,1,28742039
ENSG00000087301,TXNDC16,-1,52552505,ENSG00000180998,GPR137C,1,52552836
ENSG00000180998,GPR137C,1,52552836,ENSG00000087301,TXNDC16,-1,52552505
ENSG00000126790,L3HYPDH,-1,59484408,ENSG00000050130,JKAMP,1,59484517
ENSG00000050130,JKAMP,1,59484517,ENSG00000126790,L3HYPDH,-1,59484408
ENSG00000180008,SOCS4,1,55027236,ENSG00000198554,WDHD1,-1,55027099
ENSG00000165898,ISCA2,1,74493765,ENSG00000119655,NPC2,-1,74493305
ENSG00000198718,TOGARAM1,1,44962190,ENSG00000179454,KLHL28,-1,44961947
ENSG00000053770,AP5M1,1,57268971,ENSG00000070367,EXOC5,-1,57268905
ENSG00000070367,EXOC5,-1,57268905,ENSG00000053770,AP5M1,1,57268971
ENSG00000196663,TECPR2,1,102362941,ENSG00000100865,CINP,-1,102362890
ENSG00000066739,ATG2B,-1,96363341,ENSG00000100744,GSKIP,1,96363526
ENSG00000090061,CCNK,1,99481409,ENSG00000183576,SETD3,-1,99480859
ENSG00000183576,SETD3,-1,99480859,ENSG00000090061,CCNK,1,99481409
ENSG00000100865,CINP,-1,102362890,ENSG00000196663,TECPR2,1,102362941
ENSG00000100744,GSKIP,1,96363526,ENSG00000066739,ATG2B,-1,96363341
ENSG00000179933,C14orf119,1,23095505,ENSG00000100813,ACIN1,-1,23095136
ENSG00000165943,MOAP1,-1,93184897,ENSG00000153485,LYSET,1,93185317
ENSG00000153485,LYSET,1,93185317,ENSG00000165943,MOAP1,-1,93184897
ENSG00000170270,GON7,-1,93207065,ENSG00000012963,UBR7,1,93207256
ENSG00000012963,UBR7,1,93207256,ENSG00000170270,GON7,-1,93207065
ENSG00000100601,ALKBH1,-1,77708023,ENSG00000119705,SLIRP,1,77708103
ENSG00000119705,SLIRP,1,77708103,ENSG00000100601,ALKBH1,-1,77708023
ENSG00000198554,WDHD1,-1,55027099,ENSG00000180008,SOCS4,1,55027236
ENSG00000119655,NPC2,-1,74493305,ENSG00000165898,ISCA2,1,74493765
ENSG00000179454,KLHL28,-1,44961947,ENSG00000198718,TOGARAM1,1,44962190
ENSG00000092094,OSGEP,-1,20454812,ENSG00000100823,APEX1,1,20455226
ENSG00000100823,APEX1,1,20455226,ENSG00000092094,OSGEP,-1,20454812
ENSG00000126215,XRCC3,-1,103715451,ENSG00000100711,ZFYVE21,1,103715810
ENSG00000129535,NRL,-1,24114949,ENSG00000100897,DCAF11,1,24114777
ENSG00000100897,DCAF11,1,24114777,ENSG00000129535,NRL,-1,24114949
ENSG00000100911,PSME2,-1,24146610,ENSG00000092098,RNF31,1,24147498
ENSG00000100938,GMPR2,1,24232929,ENSG00000129559,NEDD8,-1,24232367
ENSG00000129559,NEDD8,-1,24232367,ENSG00000100938,GMPR2,1,24232929
ENSG00000157379,DHRS1,-1,24299780,ENSG00000196943,NOP9,1,24299850
ENSG00000196943,NOP9,1,24299850,ENSG00000157379,DHRS1,-1,24299780
ENSG00000129472,RAB2B,-1,21476959,ENSG00000092203,TOX4,1,21477195
ENSG00000100575,TIMM9,-1,58427531,ENSG00000100578,KIAA0586,1,58427719
ENSG00000100578,KIAA0586,1,58427719,ENSG00000100575,TIMM9,-1,58427531
ENSG00000100711,ZFYVE21,1,103715810,ENSG00000126215,XRCC3,-1,103715451
ENSG00000134001,EIF2S1,1,67360328,ENSG00000100554,ATP6V1D,-1,67359804
ENSG00000119685,TTLL5,1,75661246,ENSG00000133935,ERG28,-1,75660876
ENSG00000133935,ERG28,-1,75660876,ENSG00000119685,TTLL5,1,75661246
ENSG00000100554,ATP6V1D,-1,67359804,ENSG00000134001,EIF2S1,1,67360328
ENSG00000139899,CBLN3,-1,24429668,ENSG00000100441,KHNYN,1,24429954
ENSG00000100441,KHNYN,1,24429954,ENSG00000139899,CBLN3,-1,24429668
ENSG00000183648,NDUFB1,-1,92121706,ENSG00000165934,CPSF2,1,92121969
ENSG00000165934,CPSF2,1,92121969,ENSG00000183648,NDUFB1,-1,92121706
ENSG00000092203,TOX4,1,21477195,ENSG00000129472,RAB2B,-1,21476959
ENSG00000087299,L2HGDH,-1,50312229,ENSG00000125375,DMAC2L,1,50312324
ENSG00000119682,AREL1,-1,74713080,ENSG00000119616,FCF1,1,74713144
ENSG00000119616,FCF1,1,74713144,ENSG00000119682,AREL1,-1,74713080
ENSG00000100813,ACIN1,-1,23095136,ENSG00000179933,C14orf119,1,23095505
ENSG00000100577,GSTZ1,1,77321036,ENSG00000009830,POMT2,-1,77320883
ENSG00000100580,TMED8,-1,77377094,ENSG00000100583,SAMD15,1,77377379
ENSG00000009830,POMT2,-1,77320883,ENSG00000100577,GSTZ1,1,77321036
ENSG00000196792,STRN3,-1,31026379,ENSG00000100478,AP4S1,1,31025649
ENSG00000100478,AP4S1,1,31025649,ENSG00000196792,STRN3,-1,31026379
ENSG00000126804,ZBTB1,1,64504770,ENSG00000089775,ZBTB25,-1,64503838
ENSG00000165948,IFI27L1,1,94081310,ENSG00000089737,DDX24,-1,94081202
ENSG00000256053,COA8,1,103562960,ENSG00000166170,BAG5,-1,103562657
ENSG00000125375,DMAC2L,1,50312324,ENSG00000087299,L2HGDH,-1,50312229
ENSG00000156050,FAM161B,-1,73950094,ENSG00000119723,COQ6,1,73950302
ENSG00000119723,COQ6,1,73950302,ENSG00000156050,FAM161B,-1,73950094
ENSG00000187097,ENTPD5,-1,74019288,ENSG00000119636,BBOF1,1,74019349
ENSG00000119636,BBOF1,1,74019349,ENSG00000187097,ENTPD5,-1,74019288
ENSG00000119711,ALDH6A1,-1,74084453,ENSG00000205659,LIN52,1,74084956
ENSG00000205659,LIN52,1,74084956,ENSG00000119711,ALDH6A1,-1,74084453
ENSG00000092020,PPP2R3C,-1,35121990,ENSG00000100890,PRORP,1,35122552
ENSG00000100890,PRORP,1,35122552,ENSG00000092020,PPP2R3C,-1,35121990
ENSG00000151445,VIPAS39,-1,77457601,ENSG00000100591,AHSA1,1,77458093
ENSG00000100591,AHSA1,1,77458093,ENSG00000151445,VIPAS39,-1,77457601
ENSG00000100632,ERH,-1,69398299,ENSG00000029364,SLC39A9,1,69398692
ENSG00000029364,SLC39A9,1,69398692,ENSG00000100632,ERH,-1,69398299
ENSG00000100583,SAMD15,1,77377379,ENSG00000100580,TMED8,-1,77377094
ENSG00000166170,BAG5,-1,103562657,ENSG00000256053,COA8,1,103562960
ENSG00000129514,FOXA1,-1,37595249,ENSG00000139865,TTC6,1,37595629
ENSG00000139865,TTC6,1,37595629,ENSG00000129514,FOXA1,-1,37595249
ENSG00000089775,ZBTB25,-1,64503838,ENSG00000126804,ZBTB1,1,64504770
ENSG00000092098,RNF31,1,24147498,ENSG00000100911,PSME2,-1,24146610
ENSG00000165502,RPL36AL,-1,49620626,ENSG00000168282,MGAT2,1,49620799
ENSG00000168282,MGAT2,1,49620799,ENSG00000165502,RPL36AL,-1,49620626
ENSG00000126814,TRMT5,-1,60981079,ENSG00000139974,SLC38A6,1,60981245
ENSG00000139974,SLC38A6,1,60981245,ENSG00000126814,TRMT5,-1,60981079
ENSG00000089737,DDX24,-1,94081202,ENSG00000165948,IFI27L1,1,94081310
ENSG00000169084,DHRSX,-1,2500976,ENSG00000214717,ZBED1,-1,2500976
ENSG00000131171,SH3BGRL,1,81202102,ENSG00000198157,HMGN5,-1,81201913
ENSG00000101844,ATG4A,1,108091778,ENSG00000101843,PSMD10,-1,108091542
ENSG00000101843,PSMD10,-1,108091542,ENSG00000101844,ATG4A,1,108091778
ENSG00000182712,CMC4,-1,155071136,ENSG00000214827,MTCP1,-1,155071136
ENSG00000182712,CMC4,-1,155071136,ENSG00000185515,BRCC3,1,155071508
ENSG00000185515,BRCC3,1,155071508,ENSG00000214827,MTCP1,-1,155071136
ENSG00000185515,BRCC3,1,155071508,ENSG00000182712,CMC4,-1,155071136
ENSG00000214827,MTCP1,-1,155071136,ENSG00000185515,BRCC3,1,155071508
ENSG00000214827,MTCP1,-1,155071136,ENSG00000182712,CMC4,-1,155071136
ENSG00000198157,HMGN5,-1,81201913,ENSG00000131171,SH3BGRL,1,81202102
ENSG00000186310,NAP1L3,-1,93673578,ENSG00000179083,FAM133A,1,93674206
ENSG00000185973,TMLHE,-1,155612952,ENSG00000168939,SPRY3,1,155612586
ENSG00000147180,ZNF711,1,85243991,ENSG00000184788,SATL1,-1,85243779
ENSG00000130021,PUDP,-1,7148153,ENSG00000101846,STS,1,7147712
ENSG00000158423,RIBC1,1,53422873,ENSG00000072501,SMC1A,-1,53422654
ENSG00000185825,BCAP31,-1,153724387,ENSG00000101986,ABCD1,1,153724856
ENSG00000101986,ABCD1,1,153724856,ENSG00000185825,BCAP31,-1,153724387
ENSG00000180879,SSR4,1,153794668,ENSG00000067829,IDH3G,-1,153794375
ENSG00000172534,HCFC1,-1,153971818,ENSG00000177854,TMEM187,1,153972754
ENSG00000177854,TMEM187,1,153972754,ENSG00000172534,HCFC1,-1,153971818
ENSG00000126945,HNRNPH2,1,101408222,ENSG00000102393,GLA,-1,101407925
ENSG00000184788,SATL1,-1,85243779,ENSG00000147180,ZNF711,1,85243991
ENSG00000072501,SMC1A,-1,53422654,ENSG00000158423,RIBC1,1,53422873
ENSG00000125352,RNF113A,-1,119871733,ENSG00000125356,NDUFA1,1,119871832
ENSG00000125356,NDUFA1,1,119871832,ENSG00000125352,RNF113A,-1,119871733
ENSG00000046651,OFD1,1,13734748,ENSG00000196459,TRAPPC2,-1,13734620
ENSG00000186376,ZNF75D,-1,135344109,ENSG00000173275,ZNF449,1,135344796
ENSG00000173275,ZNF449,1,135344796,ENSG00000186376,ZNF75D,-1,135344109
ENSG00000288706,,1,23783278,ENSG00000130066,SAT1,1,23783173
ENSG00000184831,APOO,-1,23907938,ENSG00000165182,CXorf58,1,23908006
ENSG00000165182,CXorf58,1,23908006,ENSG00000184831,APOO,-1,23907938
ENSG00000196459,TRAPPC2,-1,13734620,ENSG00000046651,OFD1,1,13734748
ENSG00000130066,SAT1,1,23783173,ENSG00000288706,,1,23783278
ENSG00000214717,ZBED1,-1,2500976,ENSG00000169084,DHRSX,-1,2500976
ENSG00000269586,CT45A10,-1,135893444,ENSG00000181433,SAGE1,1,135893716
ENSG00000179083,FAM133A,1,93674206,ENSG00000186310,NAP1L3,-1,93673578
ENSG00000198930,CSAG1,-1,152733721,ENSG00000213401,MAGEA12,1,152733757
ENSG00000213401,MAGEA12,1,152733757,ENSG00000198930,CSAG1,-1,152733721
ENSG00000147400,CETN2,-1,152830757,ENSG00000147383,NSDHL,1,152831063
ENSG00000147383,NSDHL,1,152831063,ENSG00000147400,CETN2,-1,152830757
ENSG00000067829,IDH3G,-1,153794375,ENSG00000180879,SSR4,1,153794668
ENSG00000101846,STS,1,7147712,ENSG00000130021,PUDP,-1,7148153
ENSG00000182872,RBM10,1,47145221,ENSG00000147123,NDUFB11,-1,47144702
ENSG00000147123,NDUFB11,-1,47144702,ENSG00000182872,RBM10,1,47145221
ENSG00000198088,NUP62CL,-1,107206433,ENSG00000080572,DNAAF6,1,107206611
ENSG00000080572,DNAAF6,1,107206611,ENSG00000198088,NUP62CL,-1,107206433
ENSG00000102103,PQBP1,1,48897930,ENSG00000126768,TIMM17B,-1,48897768
ENSG00000168939,SPRY3,1,155612586,ENSG00000185973,TMLHE,-1,155612952
ENSG00000090889,KIF4A,1,70290104,ENSG00000120509,PDZD11,-1,70289927
ENSG00000120509,PDZD11,-1,70289927,ENSG00000090889,KIF4A,1,70290104
ENSG00000072315,TRPC5,-1,112082776,ENSG00000187823,RTL4,1,112083016
ENSG00000187823,RTL4,1,112083016,ENSG00000072315,TRPC5,-1,112082776
ENSG00000126768,TIMM17B,-1,48897768,ENSG00000102103,PQBP1,1,48897930
ENSG00000130150,MOSPD2,1,14873421,ENSG00000181544,FANCB,-1,14873069
ENSG00000181544,FANCB,-1,14873069,ENSG00000130150,MOSPD2,1,14873421
ENSG00000269335,IKBKG,1,154547620,ENSG00000160211,G6PD,-1,154546846
ENSG00000160211,G6PD,-1,154546846,ENSG00000269335,IKBKG,1,154547620
ENSG00000278057,TEX28,-1,154295124,ENSG00000007350,TKTL1,1,154295795
ENSG00000007350,TKTL1,1,154295795,ENSG00000278057,TEX28,-1,154295124
ENSG00000102393,GLA,-1,101407925,ENSG00000126945,HNRNPH2,1,101408222
ENSG00000181433,SAGE1,1,135893716,ENSG00000269586,CT45A10,-1,135893444
ENSG00000198791,CNOT7,-1,17246857,ENSG00000155975,VPS37A,1,17246958
ENSG00000155975,VPS37A,1,17246958,ENSG00000198791,CNOT7,-1,17246857
ENSG00000147421,HMBOX1,1,28890395,ENSG00000104299,INTS9,-1,28889969
ENSG00000092964,DPYSL2,1,26514031,ENSG00000240694,PNMA2,-1,26513872
ENSG00000240694,PNMA2,-1,26513872,ENSG00000092964,DPYSL2,1,26514031
ENSG00000221947,XKR9,1,70669339,ENSG00000147592,LACTB2,-1,70669185
ENSG00000104356,POP1,1,98117293,ENSG00000132541,RIDA,-1,98117171
ENSG00000165392,WRN,1,31033810,ENSG00000172733,PURG,-1,31033356
ENSG00000132541,RIDA,-1,98117171,ENSG00000104356,POP1,1,98117293
ENSG00000156471,PTDSS1,1,96261902,ENSG00000156469,MTERF3,-1,96261610
ENSG00000172167,MTBP,1,120445419,ENSG00000172172,MRPL13,-1,120445150
ENSG00000156469,MTERF3,-1,96261610,ENSG00000156471,PTDSS1,1,96261902
ENSG00000172172,MRPL13,-1,120445150,ENSG00000172167,MTBP,1,120445419
ENSG00000121039,RDH10,1,73294602,ENSG00000147604,RPL7,-1,73293633
ENSG00000164961,WASHC5,-1,125091792,ENSG00000156831,NSMCE2,1,125091860
ENSG00000147592,LACTB2,-1,70669185,ENSG00000221947,XKR9,1,70669339
ENSG00000147604,RPL7,-1,73293633,ENSG00000121039,RDH10,1,73294602
ENSG00000156831,NSMCE2,1,125091860,ENSG00000164961,WASHC5,-1,125091792
ENSG00000185122,HSF1,1,144291604,ENSG00000261236,BOP1,-1,144291438
ENSG00000182325,FBXL6,-1,144358472,ENSG00000185803,SLC52A2,1,144358613
ENSG00000261236,BOP1,-1,144291438,ENSG00000185122,HSF1,1,144291604
ENSG00000185803,SLC52A2,1,144358613,ENSG00000182325,FBXL6,-1,144358472
ENSG00000181690,PLAG1,-1,56211273,ENSG00000170791,CHCHD7,1,56211789
ENSG00000170791,CHCHD7,1,56211789,ENSG00000181690,PLAG1,-1,56211273
ENSG00000180921,FAM83H,-1,143733779,ENSG00000203499,IQANK1,1,143734139
ENSG00000179526,SHARPIN,-1,144103773,ENSG00000179632,MAF1,1,144104461
ENSG00000179632,MAF1,1,144104461,ENSG00000179526,SHARPIN,-1,144103773
ENSG00000120533,ENY2,1,109334347,ENSG00000120526,NUDCD1,-1,109334087
ENSG00000120526,NUDCD1,-1,109334087,ENSG00000120533,ENY2,1,109334347
ENSG00000169490,TM2D2,-1,38996509,ENSG00000168615,ADAM9,1,38996973
ENSG00000147687,TATDN1,-1,124539085,ENSG00000147684,NDUFB9,1,124539123
ENSG00000147684,NDUFB9,1,124539123,ENSG00000147687,TATDN1,-1,124539085
ENSG00000168615,ADAM9,1,38996973,ENSG00000169490,TM2D2,-1,38996509
ENSG00000203499,IQANK1,1,143734139,ENSG00000180921,FAM83H,-1,143733779
ENSG00000168453,HR,-1,22131010,ENSG00000288677,HRURF,-1,22131010
ENSG00000104299,INTS9,-1,28889969,ENSG00000147421,HMBOX1,1,28890395
ENSG00000179886,TIGD5,1,143597831,ENSG00000104529,EEF1D,-1,143597415
ENSG00000167702,KIFC2,1,144466337,ENSG00000291317,TMEM276,-1,144465492
ENSG00000160957,RECQL4,-1,144517833,ENSG00000160959,LRRC14,1,144517992
ENSG00000160959,LRRC14,1,144517992,ENSG00000160957,RECQL4,-1,144517833
ENSG00000172733,PURG,-1,31033356,ENSG00000165392,WRN,1,31033810
ENSG00000104529,EEF1D,-1,143597415,ENSG00000179886,TIGD5,1,143597831
ENSG00000104738,MCM4,1,47960941,ENSG00000253729,PRKDC,-1,47960136
ENSG00000253729,PRKDC,-1,47960136,ENSG00000104738,MCM4,1,47960941
ENSG00000175324,LSM1,-1,38176493,ENSG00000156735,BAG4,1,38176855
ENSG00000156735,BAG4,1,38176855,ENSG00000175324,LSM1,-1,38176493
ENSG00000288677,HRURF,-1,22131010,ENSG00000168453,HR,-1,22131010
ENSG00000120925,RNF170,-1,42896605,ENSG00000168172,HOOK3,1,42896978
ENSG00000168172,HOOK3,1,42896978,ENSG00000120925,RNF170,-1,42896605
ENSG00000291317,TMEM276,-1,144465492,ENSG00000167702,KIFC2,1,144466337
ENSG00000164933,SLC25A32,-1,103415107,ENSG00000164934,DCAF13,1,103415386
ENSG00000104756,KCTD9,-1,25458433,ENSG00000184661,CDCA2,1,25459233
ENSG00000184661,CDCA2,1,25459233,ENSG00000104756,KCTD9,-1,25458433
ENSG00000167904,TMEM68,-1,55773378,ENSG00000137574,TGS1,1,55773446
ENSG00000137574,TGS1,1,55773446,ENSG00000167904,TMEM68,-1,55773378
ENSG00000164934,DCAF13,1,103415386,ENSG00000164933,SLC25A32,-1,103415107
ENSG00000166140,ZFYVE19,1,40807089,ENSG00000104129,DNAJC17,-1,40807473
ENSG00000129028,THAP10,-1,70892433,ENSG00000137821,LRRC49,1,70892826
ENSG00000103599,IQCH,1,67254786,ENSG00000103591,AAGAB,-1,67254661
ENSG00000140382,HMG20A,1,77420888,ENSG00000173517,PEAK1,-1,77420104
ENSG00000104129,DNAJC17,-1,40807473,ENSG00000166140,ZFYVE19,1,40807089
ENSG00000181991,MRPS11,1,88467708,ENSG00000259494,MRPL46,-1,88467388
ENSG00000259494,MRPL46,-1,88467388,ENSG00000181991,MRPS11,1,88467708
ENSG00000134153,EMC7,-1,34101862,ENSG00000182405,PGBD4,1,34102083
ENSG00000182405,PGBD4,1,34102083,ENSG00000134153,EMC7,-1,34101862
ENSG00000092439,TRPM7,-1,50686797,ENSG00000288645,,-1,50686717
ENSG00000288645,,-1,50686717,ENSG00000092439,TRPM7,-1,50686797
ENSG00000166262,FAM227B,-1,49620818,ENSG00000104047,DTWD1,1,49621048
ENSG00000104047,DTWD1,1,49621048,ENSG00000166262,FAM227B,-1,49620818
ENSG00000168806,LCMT2,-1,43330573,ENSG00000168803,ADAL,1,43330672
ENSG00000168803,ADAL,1,43330672,ENSG00000168806,LCMT2,-1,43330573
ENSG00000128739,SNRPN,1,24954987,ENSG00000273173,SNURF,1,24954987
ENSG00000242028,HYPK,1,43800599,ENSG00000184716,SERINC4,-1,43800220
ENSG00000137821,LRRC49,1,70892826,ENSG00000129028,THAP10,-1,70892433
ENSG00000166821,PEX11A,-1,89690754,ENSG00000140527,WDR93,1,89690811
ENSG00000140527,WDR93,1,89690811,ENSG00000166821,PEX11A,-1,89690754
ENSG00000225973,PIGBOS1,-1,55319123,ENSG00000069943,PIGB,1,55319222
ENSG00000069943,PIGB,1,55319222,ENSG00000225973,PIGBOS1,-1,55319123
ENSG00000187446,CHP1,1,41231268,ENSG00000178997,EXD1,-1,41230757
ENSG00000104147,OIP5,-1,41332591,ENSG00000137804,NUSAP1,1,41332881
ENSG00000137804,NUSAP1,1,41332881,ENSG00000104147,OIP5,-1,41332591
ENSG00000103591,AAGAB,-1,67254661,ENSG00000103599,IQCH,1,67254786
ENSG00000140471,LINS1,-1,100602184,ENSG00000183475,ASB7,1,100602589
ENSG00000183475,ASB7,1,100602589,ENSG00000140471,LINS1,-1,100602184
ENSG00000166192,SENP8,1,72118403,ENSG00000066933,MYO9A,-1,72118150
ENSG00000178997,EXD1,-1,41230757,ENSG00000187446,CHP1,1,41231268
ENSG00000140279,DUOX2,-1,45114172,ENSG00000140274,DUOXA2,1,45114326
ENSG00000140274,DUOXA2,1,45114326,ENSG00000140279,DUOX2,-1,45114172
ENSG00000137857,DUOX1,1,45129994,ENSG00000140254,DUOXA1,-1,45129879
ENSG00000175202,HIGD2B,-1,72686182,ENSG00000140463,BBS4,1,72686207
ENSG00000140463,BBS4,1,72686207,ENSG00000175202,HIGD2B,-1,72686182
ENSG00000184716,SERINC4,-1,43800220,ENSG00000242028,HYPK,1,43800599
ENSG00000183208,GDPGP1,1,90234209,ENSG00000185043,CIB1,-1,90233941
ENSG00000173517,PEAK1,-1,77420104,ENSG00000140382,HMG20A,1,77420888
ENSG00000140254,DUOXA1,-1,45129879,ENSG00000137857,DUOX1,1,45129994
ENSG00000229474,PATL2,-1,44711323,ENSG00000166710,B2M,1,44711517
ENSG00000174442,ZWILCH,1,66505326,ENSG00000174444,RPL4,-1,66504855
ENSG00000174444,RPL4,-1,66504855,ENSG00000174442,ZWILCH,1,66505326
ENSG00000185043,CIB1,-1,90233941,ENSG00000183208,GDPGP1,1,90234209
ENSG00000188659,SAXO2,1,82262818,ENSG00000140598,EFL1,-1,82262734
ENSG00000140598,EFL1,-1,82262734,ENSG00000188659,SAXO2,1,82262818
ENSG00000260916,CCPG1,-1,55408359,ENSG00000261652,PIERCE2,1,55408495
ENSG00000182117,NOP10,-1,34343136,ENSG00000184507,NUTM1,1,34343315
ENSG00000273173,SNURF,1,24954987,ENSG00000128739,SNRPN,1,24954987
ENSG00000180979,LRRC57,-1,42548793,ENSG00000137814,HAUS2,1,42548838
ENSG00000137814,HAUS2,1,42548838,ENSG00000180979,LRRC57,-1,42548793
ENSG00000103978,TMEM87A,-1,42273433,ENSG00000214013,GANC,1,42273201
ENSG00000261652,PIERCE2,1,55408495,ENSG00000260916,CCPG1,-1,55408359
ENSG00000166710,B2M,1,44711517,ENSG00000229474,PATL2,-1,44711323
ENSG00000140265,ZSCAN29,-1,43371043,ENSG00000137822,TUBGCP4,1,43371101
ENSG00000137822,TUBGCP4,1,43371101,ENSG00000140265,ZSCAN29,-1,43371043
ENSG00000214013,GANC,1,42273201,ENSG00000103978,TMEM87A,-1,42273433
ENSG00000066933,MYO9A,-1,72118150,ENSG00000166192,SENP8,1,72118403
ENSG00000184507,NUTM1,1,34343315,ENSG00000182117,NOP10,-1,34343136
ENSG00000155621,C9orf85,1,71911639,ENSG00000107362,ABHD17B,-1,71911193
ENSG00000106733,NMRK1,-1,75088155,ENSG00000134996,OSTF1,1,75088514
ENSG00000134996,OSTF1,1,75088514,ENSG00000106733,NMRK1,-1,75088155
ENSG00000136925,TSTD2,-1,97633368,ENSG00000136937,NCBP1,1,97633821
ENSG00000136937,NCBP1,1,97633821,ENSG00000136925,TSTD2,-1,97633368
ENSG00000119509,INVS,1,100099243,ENSG00000023318,ERP44,-1,100099000
ENSG00000136942,RPL35,-1,124861957,ENSG00000136950,ARPC5L,1,124862130
ENSG00000136950,ARPC5L,1,124862130,ENSG00000136942,RPL35,-1,124861957
ENSG00000197958,RPL12,-1,127451406,ENSG00000148356,LRSAM1,1,127451510
ENSG00000187024,PTRH1,-1,127715663,ENSG00000167094,TTC16,1,127716079
ENSG00000167094,TTC16,1,127716079,ENSG00000187024,PTRH1,-1,127715663
ENSG00000171169,NAIF1,-1,128067320,ENSG00000148339,SLC25A25,1,128068232
ENSG00000167112,TRUB2,-1,128322447,ENSG00000167113,COQ4,1,128322839
ENSG00000167113,COQ4,1,128322839,ENSG00000167112,TRUB2,-1,128322447
ENSG00000198000,NOL8,-1,92325350,ENSG00000188312,CENPP,1,92325953
ENSG00000107175,CREB3,1,35732666,ENSG00000137076,TLN1,-1,35732195
ENSG00000070610,GBA2,-1,35749228,ENSG00000107185,RGP1,1,35749287
ENSG00000107185,RGP1,1,35749287,ENSG00000070610,GBA2,-1,35749228
ENSG00000137103,TMEM8B,1,35829228,ENSG00000204930,FAM221B,-1,35828732
ENSG00000204930,FAM221B,-1,35828732,ENSG00000137103,TMEM8B,1,35829228
ENSG00000187609,EXD3,-1,137423162,ENSG00000188747,NOXA1,1,137423393
ENSG00000136897,MRPL50,-1,101398618,ENSG00000136870,ZNF189,1,101398851
ENSG00000159069,FBXW5,-1,136944738,ENSG00000176919,C8G,1,136945243
ENSG00000176919,C8G,1,136945243,ENSG00000159069,FBXW5,-1,136944738
ENSG00000176248,ANAPC2,-1,137188560,ENSG00000176101,SSNA1,1,137188676
ENSG00000176101,SSNA1,1,137188676,ENSG00000176248,ANAPC2,-1,137188560
ENSG00000187713,TMEM203,-1,137205648,ENSG00000188566,NDOR1,1,137205700
ENSG00000070061,ELP1,-1,108934124,ENSG00000119328,ABITRAM,1,108934400
ENSG00000119328,ABITRAM,1,108934400,ENSG00000070061,ELP1,-1,108934124
ENSG00000165689,ENTR1,-1,136410614,ENSG00000165688,PMPCA,1,136410658
ENSG00000107362,ABHD17B,-1,71911193,ENSG00000155621,C9orf85,1,71911639
ENSG00000119421,NDUFA8,-1,122159779,ENSG00000185681,MORN5,1,122159908
ENSG00000185681,MORN5,1,122159908,ENSG00000119421,NDUFA8,-1,122159779
ENSG00000119446,RBM18,-1,122264840,ENSG00000148187,MRRF,1,122264882
ENSG00000148187,MRRF,1,122264882,ENSG00000119446,RBM18,-1,122264840
ENSG00000122735,DNAI1,1,34458805,ENSG00000164970,FAM219A,-1,34458570
ENSG00000148297,MED22,-1,133348131,ENSG00000148303,RPL7A,1,133348218
ENSG00000148303,RPL7A,1,133348218,ENSG00000148297,MED22,-1,133348131
ENSG00000148290,SURF1,-1,133356487,ENSG00000148291,SURF2,1,133356550
ENSG00000148291,SURF2,1,133356550,ENSG00000148290,SURF1,-1,133356487
ENSG00000148248,SURF4,-1,133376060,ENSG00000198870,STKLD1,1,133376366
ENSG00000198870,STKLD1,1,133376366,ENSG00000148248,SURF4,-1,133376060
ENSG00000197579,TOPORS,-1,32552586,ENSG00000235453,SMIM27,1,32552327
ENSG00000235453,SMIM27,1,32552327,ENSG00000197579,TOPORS,-1,32552586
ENSG00000125484,GTF3C4,1,132670464,ENSG00000125485,DDX31,-1,132669983
ENSG00000165695,AK8,-1,132878284,ENSG00000165698,SPACA9,1,132878898
ENSG00000165698,SPACA9,1,132878898,ENSG00000165695,AK8,-1,132878284
ENSG00000148356,LRSAM1,1,127451510,ENSG00000197958,RPL12,-1,127451406
ENSG00000171097,KYAT1,-1,128881950,ENSG00000136802,LRRC8A,1,128882133
ENSG00000136802,LRRC8A,1,128882133,ENSG00000171097,KYAT1,-1,128881950
ENSG00000175283,DOLK,-1,128947603,ENSG00000095319,NUP188,1,128947699
ENSG00000095319,NUP188,1,128947699,ENSG00000175283,DOLK,-1,128947603
ENSG00000095321,CRAT,-1,129110793,ENSG00000119383,PTPA,1,129111415
ENSG00000188747,NOXA1,1,137423393,ENSG00000187609,EXD3,-1,137423162
ENSG00000148339,SLC25A25,1,128068232,ENSG00000171169,NAIF1,-1,128067320
ENSG00000119402,FBXW2,-1,120793416,ENSG00000214654,B3GALT9,1,120793467
ENSG00000164978,NUDT2,1,34329569,ENSG00000186638,KIF24,-1,34329268
ENSG00000186638,KIF24,-1,34329268,ENSG00000164978,NUDT2,1,34329569
ENSG00000136870,ZNF189,1,101398851,ENSG00000136897,MRPL50,-1,101398618
ENSG00000188566,NDOR1,1,137205700,ENSG00000187713,TMEM203,-1,137205648
ENSG00000136868,SLC31A1,1,113221544,ENSG00000119321,FKBP15,-1,113221277
ENSG00000176386,CDC26,-1,113275572,ENSG00000136875,PRPF4,1,113275658
ENSG00000136875,PRPF4,1,113275658,ENSG00000176386,CDC26,-1,113275572
ENSG00000148229,POLE3,-1,113410675,ENSG00000157653,C9orf43,1,113410747
ENSG00000157653,C9orf43,1,113410747,ENSG00000148229,POLE3,-1,113410675
ENSG00000164970,FAM219A,-1,34458570,ENSG00000122735,DNAI1,1,34458805
ENSG00000125485,DDX31,-1,132669983,ENSG00000125484,GTF3C4,1,132670464
ENSG00000214654,B3GALT9,1,120793467,ENSG00000119402,FBXW2,-1,120793416
ENSG00000119321,FKBP15,-1,113221277,ENSG00000136868,SLC31A1,1,113221544
ENSG00000178966,RMI1,1,83980805,ENSG00000165119,HNRNPK,-1,83980215
ENSG00000023318,ERP44,-1,100099000,ENSG00000119509,INVS,1,100099243
ENSG00000160345,PIERCE1,-1,135499869,ENSG00000122140,MRPS2,1,135500682
ENSG00000175854,SWI5,1,128276276,ENSG00000167110,GOLGA2,-1,128276007
ENSG00000122140,MRPS2,1,135500682,ENSG00000160345,PIERCE1,-1,135499869
ENSG00000119523,ALG2,-1,99221942,ENSG00000106803,SEC61B,1,99222282
ENSG00000106803,SEC61B,1,99222282,ENSG00000119523,ALG2,-1,99221942
ENSG00000119383,PTPA,1,129111415,ENSG00000095321,CRAT,-1,129110793
ENSG00000136819,C9orf78,-1,129835275,ENSG00000136878,USP20,1,129835458
ENSG00000136878,USP20,1,129835458,ENSG00000136819,C9orf78,-1,129835275
ENSG00000167110,GOLGA2,-1,128276007,ENSG00000175854,SWI5,1,128276276
ENSG00000165119,HNRNPK,-1,83980215,ENSG00000178966,RMI1,1,83980805
ENSG00000107262,BAG1,-1,33264708,ENSG00000086065,CHMP5,1,33265049
ENSG00000086065,CHMP5,1,33265049,ENSG00000107262,BAG1,-1,33264708
ENSG00000137076,TLN1,-1,35732195,ENSG00000107175,CREB3,1,35732666
ENSG00000165688,PMPCA,1,136410658,ENSG00000165689,ENTR1,-1,136410614
ENSG00000188312,CENPP,1,92325953,ENSG00000198000,NOL8,-1,92325350
ENSG00000165629,ATP5F1C,1,7788177,ENSG00000151657,KIN,-1,7787993
ENSG00000151657,KIN,-1,7787993,ENSG00000165629,ATP5F1C,1,7788177
ENSG00000151023,ENKUR,-1,25016158,ENSG00000185875,THNSL1,1,25016612
ENSG00000170788,DYDC1,-1,80356755,ENSG00000133665,DYDC2,1,80356781
ENSG00000133665,DYDC2,1,80356781,ENSG00000170788,DYDC1,-1,80356755
ENSG00000198060,MARCHF5,1,92291167,ENSG00000107864,CPEB3,-1,92291078
ENSG00000107864,CPEB3,-1,92291078,ENSG00000198060,MARCHF5,1,92291167
ENSG00000166171,DPCD,1,101588321,ENSG00000166169,POLL,-1,101588257
ENSG00000166169,POLL,-1,101588257,ENSG00000166171,DPCD,1,101588321
ENSG00000148843,PDCD11,1,103396626,ENSG00000173915,ATP5MK,-1,103396475
ENSG00000185875,THNSL1,1,25016612,ENSG00000151023,ENKUR,-1,25016158
ENSG00000095574,IKZF5,-1,123008795,ENSG00000196177,ACADSB,1,123009006
ENSG00000138175,ARL3,-1,102714397,ENSG00000156398,SFXN2,1,102714636
ENSG00000107949,BCCIP,1,125823546,ENSG00000188690,UROS,-1,125823258
ENSG00000171307,ZDHHC16,1,97446175,ENSG00000171311,EXOSC1,-1,97446006
ENSG00000171311,EXOSC1,-1,97446006,ENSG00000171307,ZDHHC16,1,97446175
ENSG00000196177,ACADSB,1,123009006,ENSG00000095574,IKZF5,-1,123008795
ENSG00000188690,UROS,-1,125823258,ENSG00000107949,BCCIP,1,125823546
ENSG00000155229,MMS19,-1,97498422,ENSG00000165886,UBTD1,1,97498924
ENSG00000196865,NHLRC2,1,113854661,ENSG00000198924,DCLRE1A,-1,113854082
ENSG00000120539,MASTL,1,27155352,ENSG00000136758,YME1L1,-1,27154384
ENSG00000185267,CDNF,-1,14838037,ENSG00000187522,HSPA14,1,14838306
ENSG00000185267,CDNF,-1,14838037,ENSG00000284024,MSANTD7,1,14838306
ENSG00000284024,MSANTD7,1,14838306,ENSG00000187522,HSPA14,1,14838306
ENSG00000284024,MSANTD7,1,14838306,ENSG00000185267,CDNF,-1,14838037
ENSG00000187522,HSPA14,1,14838306,ENSG00000284024,MSANTD7,1,14838306
ENSG00000187522,HSPA14,1,14838306,ENSG00000185267,CDNF,-1,14838037
ENSG00000173915,ATP5MK,-1,103396475,ENSG00000148843,PDCD11,1,103396626
ENSG00000204152,TIMM23B,1,49942053,ENSG00000227345,PARG,-1,49942027
ENSG00000185009,AP3M1,-1,74150828,ENSG00000156110,ADK,1,74151221
ENSG00000156110,ADK,1,74151221,ENSG00000185009,AP3M1,-1,74150828
ENSG00000166295,ANAPC16,1,72216012,ENSG00000138303,ASCC1,-1,72216276
ENSG00000227268,KLLN,-1,87863533,ENSG00000171862,PTEN,1,87863625
ENSG00000107815,TWNK,1,100987543,ENSG00000055950,MRPL43,-1,100987497
ENSG00000186862,PDZD7,-1,101031129,ENSG00000107819,SFXN3,1,101031234
ENSG00000198546,ZNF511,1,133308914,ENSG00000130640,TUBGCP2,-1,133308872
ENSG00000227345,PARG,-1,49942027,ENSG00000204152,TIMM23B,1,49942053
ENSG00000173269,MMRN2,-1,86957615,ENSG00000173267,SNCG,1,86958599
ENSG00000173267,SNCG,1,86958599,ENSG00000173269,MMRN2,-1,86957615
ENSG00000122376,SHLD2,1,87095206,ENSG00000148672,GLUD1,-1,87094843
ENSG00000130640,TUBGCP2,-1,133308872,ENSG00000198546,ZNF511,1,133308914
ENSG00000023041,ZDHHC6,-1,112446914,ENSG00000151532,VTI1A,1,112447215
ENSG00000148672,GLUD1,-1,87094843,ENSG00000122376,SHLD2,1,87095206
ENSG00000108187,PBLD,-1,68332928,ENSG00000096746,HNRNPH3,1,68332064
ENSG00000096746,HNRNPH3,1,68332064,ENSG00000108187,PBLD,-1,68332928
ENSG00000136758,YME1L1,-1,27154384,ENSG00000120539,MASTL,1,27155352
ENSG00000214413,BBIP1,-1,110919180,ENSG00000108061,SHOC2,1,110919604
ENSG00000108061,SHOC2,1,110919604,ENSG00000214413,BBIP1,-1,110919180
ENSG00000122882,ECD,-1,73168008,ENSG00000138286,FAM149B1,1,73168119
ENSG00000138286,FAM149B1,1,73168119,ENSG00000122882,ECD,-1,73168008
ENSG00000055950,MRPL43,-1,100987497,ENSG00000107815,TWNK,1,100987543
ENSG00000198924,DCLRE1A,-1,113854082,ENSG00000196865,NHLRC2,1,113854661
ENSG00000134461,ANKRD16,-1,5889893,ENSG00000134452,FBH1,1,5890243
ENSG00000134452,FBH1,1,5890243,ENSG00000134461,ANKRD16,-1,5889893
ENSG00000107819,SFXN3,1,101031234,ENSG00000186862,PDZD7,-1,101031129
ENSG00000119929,CUTC,1,99732234,ENSG00000014919,COX15,-1,99732127
ENSG00000014919,COX15,-1,99732127,ENSG00000119929,CUTC,1,99732234
ENSG00000151532,VTI1A,1,112447215,ENSG00000023041,ZDHHC6,-1,112446914
ENSG00000165886,UBTD1,1,97498924,ENSG00000155229,MMS19,-1,97498422
ENSG00000156398,SFXN2,1,102714636,ENSG00000138175,ARL3,-1,102714397
ENSG00000171862,PTEN,1,87863625,ENSG00000227268,KLLN,-1,87863533
ENSG00000165609,NUDT5,-1,12195891,ENSG00000151465,CDC123,1,12196188
ENSG00000151465,CDC123,1,12196188,ENSG00000165609,NUDT5,-1,12195891
ENSG00000138303,ASCC1,-1,72216276,ENSG00000166295,ANAPC16,1,72216012
ENSG00000007545,CRAMP1,1,1612360,ENSG00000187535,IFT140,-1,1612072
ENSG00000168096,ANKS3,-1,4734271,ENSG00000166246,DNAAF8,1,4734537
ENSG00000187535,IFT140,-1,1612072,ENSG00000007545,CRAMP1,1,1612360
ENSG00000140632,GLYR1,-1,4847288,ENSG00000118900,UBN1,1,4847481
ENSG00000129636,ITFG1,-1,47461063,ENSG00000102893,PHKB,1,47461331
ENSG00000166246,DNAAF8,1,4734537,ENSG00000168096,ANKS3,-1,4734271
ENSG00000141076,UTP4,1,69132649,ENSG00000168802,CHTF8,-1,69132588
ENSG00000141076,UTP4,1,69132649,ENSG00000286140,DERPC,-1,69132588
ENSG00000286140,DERPC,-1,69132588,ENSG00000168802,CHTF8,-1,69132588
ENSG00000286140,DERPC,-1,69132588,ENSG00000141076,UTP4,1,69132649
ENSG00000168802,CHTF8,-1,69132588,ENSG00000286140,DERPC,-1,69132588
ENSG00000168802,CHTF8,-1,69132588,ENSG00000141076,UTP4,1,69132649
ENSG00000088682,COQ9,1,57447479,ENSG00000005194,CIAPIN1,-1,57447385
ENSG00000005194,CIAPIN1,-1,57447385,ENSG00000088682,COQ9,1,57447479
ENSG00000118900,UBN1,1,4847481,ENSG00000140632,GLYR1,-1,4847288
ENSG00000131652,THOC6,1,3024035,ENSG00000103145,HCFC1R1,-1,3023942
ENSG00000140993,TIGD7,-1,3305430,ENSG00000162086,ZNF75A,1,3305497
ENSG00000103343,ZNF174,1,3401215,ENSG00000140987,ZSCAN32,-1,3401004
ENSG00000167981,ZNF597,-1,3443504,ENSG00000122390,NAA60,1,3443680
ENSG00000122390,NAA60,1,3443680,ENSG00000167981,ZNF597,-1,3443504
ENSG00000196118,CFAP119,-1,30762062,ENSG00000103549,RNF40,1,30762322
ENSG00000167394,ZNF668,-1,31074240,ENSG00000167395,ZNF646,1,31074422
ENSG00000167395,ZNF646,1,31074422,ENSG00000167394,ZNF668,-1,31074240
ENSG00000149929,HIRIP3,-1,29995617,ENSG00000169592,INO80E,1,29996241
ENSG00000169592,INO80E,1,29996241,ENSG00000149929,HIRIP3,-1,29995617
ENSG00000169627,BOLA2B,-1,30193666,ENSG00000132207,SLX1A,1,30193875
ENSG00000132207,SLX1A,1,30193875,ENSG00000169627,BOLA2B,-1,30193666
ENSG00000103145,HCFC1R1,-1,3023942,ENSG00000131652,THOC6,1,3024035
ENSG00000189091,SF3B3,1,70523816,ENSG00000103051,COG4,-1,70523554
ENSG00000166848,TERF2IP,1,75647773,ENSG00000065427,KARS1,-1,75647665
ENSG00000087263,OGFOD1,1,56451554,ENSG00000167005,NUDT21,-1,56451332
ENSG00000065427,KARS1,-1,75647665,ENSG00000166848,TERF2IP,1,75647773
ENSG00000182810,DDX28,-1,68023232,ENSG00000167264,DUS2,1,68023284
ENSG00000103061,SLC7A6OS,-1,68310946,ENSG00000132600,PRMT7,1,68311019
ENSG00000103160,HSDL1,-1,84145177,ENSG00000154099,DNAAF1,1,84145308
ENSG00000154099,DNAAF1,1,84145308,ENSG00000103160,HSDL1,-1,84145177
ENSG00000174939,ASPHD1,1,29900488,ENSG00000174938,SEZ6L2,-1,29899550
ENSG00000074071,MRPS34,-1,1773134,ENSG00000197774,EME2,1,1772810
ENSG00000162032,SPSB3,-1,1782571,ENSG00000095906,NUBP2,1,1782960
ENSG00000095906,NUBP2,1,1782960,ENSG00000162032,SPSB3,-1,1782571
ENSG00000063854,HAGH,-1,1826825,ENSG00000180185,FAHD1,1,1827206
ENSG00000103356,EARS2,-1,23557350,ENSG00000103353,UBFD1,1,23557727
ENSG00000103353,UBFD1,1,23557727,ENSG00000103356,EARS2,-1,23557350
ENSG00000166847,DCTN5,1,23641466,ENSG00000083093,PALB2,-1,23641310
ENSG00000075399,VPS9D1,-1,89720898,ENSG00000158805,ZNF276,1,89721537
ENSG00000131165,CHMP1A,-1,89657708,ENSG00000167523,SPATA33,1,89657836
ENSG00000162086,ZNF75A,1,3305497,ENSG00000140993,TIGD7,-1,3305430
ENSG00000102871,TRADD,-1,67159909,ENSG00000135722,FBXL8,1,67159957
ENSG00000135722,FBXL8,1,67159957,ENSG00000102871,TRADD,-1,67159909
ENSG00000168676,KCTD19,-1,67326741,ENSG00000159708,LRRC36,1,67326815
ENSG00000159708,LRRC36,1,67326815,ENSG00000168676,KCTD19,-1,67326741
ENSG00000213380,COG8,-1,69339564,ENSG00000132603,NIP7,1,69339772
ENSG00000132603,NIP7,1,69339772,ENSG00000213380,COG8,-1,69339564
ENSG00000007520,TSR3,-1,1351878,ENSG00000090581,GNPTG,1,1351931
ENSG00000103549,RNF40,1,30762322,ENSG00000196118,CFAP119,-1,30762062
ENSG00000103253,HAGHL,1,727106,ENSG00000162004,CCDC78,-1,726443
ENSG00000103494,RPGRIP1L,-1,53703859,ENSG00000140718,FTO,1,53704156
ENSG00000159579,RSPRY1,1,57186329,ENSG00000172775,PSME3IP1,-1,57186039
ENSG00000166188,ZNF319,-1,58000672,ENSG00000103005,USB1,1,58001407
ENSG00000166451,CENPN,1,81007214,ENSG00000103121,CMC2,-1,81006885
ENSG00000090581,GNPTG,1,1351931,ENSG00000007520,TSR3,-1,1351878
ENSG00000005189,REXO5,1,20806527,ENSG00000196678,ERI2,-1,20806472
ENSG00000184857,TMEM186,-1,8797639,ENSG00000140650,PMM2,1,8797839
ENSG00000162004,CCDC78,-1,726443,ENSG00000103253,HAGHL,1,727106
ENSG00000140650,PMM2,1,8797839,ENSG00000184857,TMEM186,-1,8797639
ENSG00000167005,NUDT21,-1,56451332,ENSG00000087263,OGFOD1,1,56451554
ENSG00000140830,TXNL4B,-1,72093620,ENSG00000140829,DHX38,1,72093847
ENSG00000140829,DHX38,1,72093847,ENSG00000140830,TXNL4B,-1,72093620
ENSG00000197774,EME2,1,1772810,ENSG00000074071,MRPS34,-1,1773134
ENSG00000167523,SPATA33,1,89657836,ENSG00000131165,CHMP1A,-1,89657708
ENSG00000174938,SEZ6L2,-1,29899550,ENSG00000174939,ASPHD1,1,29900488
ENSG00000196678,ERI2,-1,20806472,ENSG00000005189,REXO5,1,20806527
ENSG00000188215,DCUN1D3,-1,20900358,ENSG00000102897,LYRM1,1,20900771
ENSG00000102897,LYRM1,1,20900771,ENSG00000188215,DCUN1D3,-1,20900358
ENSG00000132600,PRMT7,1,68311019,ENSG00000103061,SLC7A6OS,-1,68310946
ENSG00000140987,ZSCAN32,-1,3401004,ENSG00000103343,ZNF174,1,3401215
ENSG00000065057,NTHL1,-1,2047834,ENSG00000103197,TSC2,1,2047985
ENSG00000161980,POLR3K,-1,53608,ENSG00000161981,SNRNP25,1,53828
ENSG00000103550,KNOP1,-1,19718227,ENSG00000174628,IQCK,1,19718271
ENSG00000174628,IQCK,1,19718271,ENSG00000103550,KNOP1,-1,19718227
ENSG00000102981,PARD6A,1,67660960,ENSG00000102977,ACD,-1,67660260
ENSG00000124074,ENKD1,-1,67666750,ENSG00000159761,C16orf86,1,67666814
ENSG00000159761,C16orf86,1,67666814,ENSG00000124074,ENKD1,-1,67666750
ENSG00000141084,RANBP10,-1,67806560,ENSG00000102904,TSNAXIP1,1,67806889
ENSG00000102904,TSNAXIP1,1,67806889,ENSG00000141084,RANBP10,-1,67806560
ENSG00000102901,CENPT,-1,67847693,ENSG00000102898,NUTF2,1,67846933
ENSG00000102898,NUTF2,1,67846933,ENSG00000102901,CENPT,-1,67847693
ENSG00000167264,DUS2,1,68023284,ENSG00000182810,DDX28,-1,68023232
ENSG00000158717,RNF166,-1,88706408,ENSG00000174177,CTU2,1,88706503
ENSG00000174177,CTU2,1,88706503,ENSG00000158717,RNF166,-1,88706408
ENSG00000158805,ZNF276,1,89721537,ENSG00000075399,VPS9D1,-1,89720898
ENSG00000141012,GALNS,-1,88856947,ENSG00000167515,TRAPPC2L,1,88857127
ENSG00000167515,TRAPPC2L,1,88857127,ENSG00000141012,GALNS,-1,88856947
ENSG00000077235,GTF3C1,-1,27549913,ENSG00000047578,KATNIP,1,27550144
ENSG00000047578,KATNIP,1,27550144,ENSG00000077235,GTF3C1,-1,27549913
ENSG00000131148,EMC8,-1,85799544,ENSG00000131143,COX4I1,1,85799695
ENSG00000131143,COX4I1,1,85799695,ENSG00000131148,EMC8,-1,85799544
ENSG00000103005,USB1,1,58001407,ENSG00000166188,ZNF319,-1,58000672
ENSG00000102977,ACD,-1,67660260,ENSG00000102981,PARD6A,1,67660960
ENSG00000102893,PHKB,1,47461331,ENSG00000129636,ITFG1,-1,47461063
ENSG00000180185,FAHD1,1,1827206,ENSG00000063854,HAGH,-1,1826825
ENSG00000183336,BOLA2,-1,29454351,ENSG00000181625,SLX1B,1,29454533
ENSG00000103051,COG4,-1,70523554,ENSG00000189091,SF3B3,1,70523816
ENSG00000181625,SLX1B,1,29454533,ENSG00000183336,BOLA2,-1,29454351
ENSG00000140718,FTO,1,53704156,ENSG00000103494,RPGRIP1L,-1,53703859
ENSG00000069329,VPS35,-1,46689178,ENSG00000091651,ORC6,1,46689659
ENSG00000091651,ORC6,1,46689659,ENSG00000069329,VPS35,-1,46689178
ENSG00000161981,SNRNP25,1,53828,ENSG00000161980,POLR3K,-1,53608
ENSG00000103121,CMC2,-1,81006885,ENSG00000166451,CENPN,1,81007214
ENSG00000083093,PALB2,-1,23641310,ENSG00000166847,DCTN5,1,23641466
ENSG00000007376,RPUSD1,-1,788381,ENSG00000127586,CHTF18,1,788620
ENSG00000127586,CHTF18,1,788620,ENSG00000007376,RPUSD1,-1,788381
ENSG00000172775,PSME3IP1,-1,57186039,ENSG00000159579,RSPRY1,1,57186329
ENSG00000103197,TSC2,1,2047985,ENSG00000065057,NTHL1,-1,2047834
ENSG00000124279,FASTKD3,-1,7869031,ENSG00000124275,MTRR,1,7869148
ENSG00000124275,MTRR,1,7869148,ENSG00000124279,FASTKD3,-1,7869031
ENSG00000113593,PPWD1,1,65563296,ENSG00000123219,CENPK,-1,65563168
ENSG00000213949,ITGA1,1,52787916,ENSG00000152684,PELO,1,52787916
ENSG00000039123,MTREX,1,55307989,ENSG00000067248,DHX29,-1,55307694
ENSG00000174695,TMEM167A,-1,83077394,ENSG00000152422,XRCC4,1,83077547
ENSG00000113597,TRAPPC13,1,65625027,ENSG00000253251,SHLD3,1,65625027
ENSG00000113597,TRAPPC13,1,65625027,ENSG00000113595,TRIM23,-1,65624333
ENSG00000113595,TRIM23,-1,65624333,ENSG00000253251,SHLD3,1,65625027
ENSG00000113595,TRIM23,-1,65624333,ENSG00000113597,TRAPPC13,1,65625027
ENSG00000253251,SHLD3,1,65625027,ENSG00000113595,TRIM23,-1,65624333
ENSG00000253251,SHLD3,1,65625027,ENSG00000113597,TRAPPC13,1,65625027
ENSG00000123219,CENPK,-1,65563168,ENSG00000113593,PPWD1,1,65563296
ENSG00000197860,SGTB,-1,65722109,ENSG00000123213,NLN,1,65722205
ENSG00000113318,MSH3,1,80654652,ENSG00000228716,DHFR,-1,80654983
ENSG00000132837,DMGDH,-1,79069674,ENSG00000132840,BHMT2,1,79069767
ENSG00000145782,ATG12,-1,115841565,ENSG00000177879,AP3S1,1,115841935
ENSG00000177879,AP3S1,1,115841935,ENSG00000145782,ATG12,-1,115841565
ENSG00000132840,BHMT2,1,79069767,ENSG00000132837,DMGDH,-1,79069674
ENSG00000152684,PELO,1,52787916,ENSG00000213949,ITGA1,1,52787916
ENSG00000145817,YIPF5,-1,144170659,ENSG00000183775,KCTD16,1,144170873
ENSG00000112984,KIF20A,1,138179112,ENSG00000112983,BRD8,-1,138178630
ENSG00000228716,DHFR,-1,80654983,ENSG00000113318,MSH3,1,80654652
ENSG00000183775,KCTD16,1,144170873,ENSG00000145817,YIPF5,-1,144170659
ENSG00000123213,NLN,1,65722205,ENSG00000197860,SGTB,-1,65722109
ENSG00000164296,TIGD6,-1,150000654,ENSG00000113716,HMGXB3,1,150000739
ENSG00000113716,HMGXB3,1,150000739,ENSG00000164296,TIGD6,-1,150000654
ENSG00000164366,CCDC127,-1,218153,ENSG00000073578,SDHA,1,218320
ENSG00000152422,XRCC4,1,83077547,ENSG00000174695,TMEM167A,-1,83077394
ENSG00000037474,NSUN2,-1,6633044,ENSG00000145545,SRD5A1,1,6633440
ENSG00000145545,SRD5A1,1,6633440,ENSG00000037474,NSUN2,-1,6633044
ENSG00000131495,NDUFA2,-1,140647630,ENSG00000113141,IK,1,140647829
ENSG00000112855,HARS2,1,140691455,ENSG00000170445,HARS1,-1,140691370
ENSG00000170445,HARS1,-1,140691370,ENSG00000112855,HARS2,1,140691455
ENSG00000176055,MBLAC2,-1,90474771,ENSG00000113356,POLR3G,1,90474864
ENSG00000113356,POLR3G,1,90474864,ENSG00000176055,MBLAC2,-1,90474771
ENSG00000112983,BRD8,-1,138178630,ENSG00000112984,KIF20A,1,138179112
ENSG00000164331,ANKRA2,-1,73565639,ENSG00000164338,UTP15,1,73565743
ENSG00000164338,UTP15,1,73565743,ENSG00000164331,ANKRA2,-1,73565639
ENSG00000074317,SNCB,-1,176630534,ENSG00000175766,EIF4E1B,1,176630675
ENSG00000175766,EIF4E1B,1,176630675,ENSG00000074317,SNCB,-1,176630534
ENSG00000164182,NDUFAF2,1,60945205,ENSG00000049167,ERCC8,-1,60945070
ENSG00000164187,LMBRD2,-1,36151887,ENSG00000145604,SKP2,1,36152111
ENSG00000145604,SKP2,1,36152111,ENSG00000164187,LMBRD2,-1,36151887
ENSG00000082213,C5orf22,1,31532301,ENSG00000113360,DROSHA,-1,31532093
ENSG00000113360,DROSHA,-1,31532093,ENSG00000082213,C5orf22,1,31532301
ENSG00000055147,FAM114A2,-1,154038910,ENSG00000037749,MFAP3,1,154038967
ENSG00000037749,MFAP3,1,154038967,ENSG00000055147,FAM114A2,-1,154038910
ENSG00000176087,SLC35A4,1,140564828,ENSG00000113108,APBB3,-1,140564598
ENSG00000085231,AK6,-1,69369520,ENSG00000152942,RAD17,1,69369818
ENSG00000085231,AK6,-1,69369520,ENSG00000273841,TAF9,-1,69369520
ENSG00000273841,TAF9,-1,69369520,ENSG00000152942,RAD17,1,69369818
ENSG00000273841,TAF9,-1,69369520,ENSG00000085231,AK6,-1,69369520
ENSG00000152942,RAD17,1,69369818,ENSG00000273841,TAF9,-1,69369520
ENSG00000152942,RAD17,1,69369818,ENSG00000085231,AK6,-1,69369520
ENSG00000113108,APBB3,-1,140564598,ENSG00000176087,SLC35A4,1,140564828
ENSG00000145723,GIN1,-1,103120138,ENSG00000145725,PPIP5K2,1,103120301
ENSG00000113163,CERT1,-1,75511629,ENSG00000122008,POLK,1,75511891
ENSG00000049167,ERCC8,-1,60945070,ENSG00000164182,NDUFAF2,1,60945205
ENSG00000171720,HDAC3,-1,141636849,ENSG00000164620,RELL2,1,141636997
ENSG00000164620,RELL2,1,141636997,ENSG00000171720,HDAC3,-1,141636849
ENSG00000169228,RAB24,-1,177303719,ENSG00000169230,PRELID1,1,177303799
ENSG00000169230,PRELID1,1,177303799,ENSG00000169228,RAB24,-1,177303719
ENSG00000028310,BRD9,-1,892801,ENSG00000071539,TRIP13,1,892884
ENSG00000071539,TRIP13,1,892884,ENSG00000028310,BRD9,-1,892801
ENSG00000164405,UQCRQ,1,132866642,ENSG00000164404,GDF9,-1,132866469
ENSG00000067248,DHX29,-1,55307694,ENSG00000039123,MTREX,1,55307989
ENSG00000073578,SDHA,1,218320,ENSG00000164366,CCDC127,-1,218153
ENSG00000164404,GDF9,-1,132866469,ENSG00000164405,UQCRQ,1,132866642
ENSG00000113141,IK,1,140647829,ENSG00000131495,NDUFA2,-1,140647630
ENSG00000153006,SREK1IP1,-1,64768691,ENSG00000153015,CWC27,1,64768930
ENSG00000153015,CWC27,1,64768930,ENSG00000153006,SREK1IP1,-1,64768691
ENSG00000164347,GFM2,-1,74767117,ENSG00000164346,NSA2,1,74767249
ENSG00000164346,NSA2,1,74767249,ENSG00000164347,GFM2,-1,74767117
ENSG00000170584,NUDCD2,-1,163460102,ENSG00000072571,HMMR,1,163460632
ENSG00000072571,HMMR,1,163460632,ENSG00000170584,NUDCD2,-1,163460102
ENSG00000048162,NOP16,-1,176388598,ENSG00000146066,HIGD2A,1,176388751
ENSG00000146066,HIGD2A,1,176388751,ENSG00000048162,NOP16,-1,176388598
ENSG00000049883,PTCD2,1,72320373,ENSG00000113048,MRPS27,-1,72320240
ENSG00000113456,RAD1,-1,34915504,ENSG00000113460,BRIX1,1,34915711
ENSG00000113460,BRIX1,1,34915711,ENSG00000113456,RAD1,-1,34915504
ENSG00000113048,MRPS27,-1,72320240,ENSG00000049883,PTCD2,1,72320373
ENSG00000164291,ARSK,1,95555101,ENSG00000198677,SKIC3,-1,95554977
ENSG00000145725,PPIP5K2,1,103120301,ENSG00000145723,GIN1,-1,103120138
ENSG00000198677,SKIC3,-1,95554977,ENSG00000164291,ARSK,1,95555101
ENSG00000133302,SLF1,1,94618669,ENSG00000185261,KIAA0825,-1,94618604
ENSG00000185261,KIAA0825,-1,94618604,ENSG00000133302,SLF1,1,94618669
ENSG00000150756,ATPSCKMT,-1,10249888,ENSG00000150753,CCT5,1,10250280
ENSG00000150753,CCT5,1,10250280,ENSG00000150756,ATPSCKMT,-1,10249888
ENSG00000122008,POLK,1,75511891,ENSG00000113163,CERT1,-1,75511629
ENSG00000165097,KDM1B,1,18155422,ENSG00000137364,TPMT,-1,18155077
ENSG00000137364,TPMT,-1,18155077,ENSG00000165097,KDM1B,1,18155422
ENSG00000164304,CAGE1,-1,7389742,ENSG00000124784,RIOK1,1,7389808
ENSG00000124784,RIOK1,1,7389808,ENSG00000164304,CAGE1,-1,7389742
ENSG00000112078,KCTD20,1,36443000,ENSG00000179165,PXT1,-1,36442854
ENSG00000146085,MMUT,-1,49463253,ENSG00000031691,CENPQ,1,49463370
ENSG00000065491,TBC1D22B,1,37257772,ENSG00000172738,TMEM217,-1,37258144
ENSG00000065491,TBC1D22B,1,37257772,ENSG00000286105,TMEM217B,-1,37258144
ENSG00000286105,TMEM217B,-1,37258144,ENSG00000172738,TMEM217,-1,37258144
ENSG00000286105,TMEM217B,-1,37258144,ENSG00000065491,TBC1D22B,1,37257772
ENSG00000172738,TMEM217,-1,37258144,ENSG00000286105,TMEM217B,-1,37258144
ENSG00000172738,TMEM217,-1,37258144,ENSG00000065491,TBC1D22B,1,37257772
ENSG00000031691,CENPQ,1,49463370,ENSG00000146085,MMUT,-1,49463253
ENSG00000146233,CYP39A1,-1,46652818,ENSG00000153291,SLC25A27,1,46652975
ENSG00000203778,FAM229B,1,112087591,ENSG00000074935,TUBE1,-1,112087482
ENSG00000009844,VTA1,1,142147263,ENSG00000135577,NMBR,-1,142147122
ENSG00000034693,PEX3,1,143450805,ENSG00000189007,ADAT2,-1,143450695
ENSG00000124596,OARD1,-1,41072356,ENSG00000001167,NFYA,1,41072974
ENSG00000189007,ADAT2,-1,143450695,ENSG00000034693,PEX3,1,143450805
ENSG00000168438,CDC40,1,110180427,ENSG00000112290,WASF1,-1,110179670
ENSG00000112290,WASF1,-1,110179670,ENSG00000168438,CDC40,1,110180427
ENSG00000130023,ERMARD,1,169751622,ENSG00000184786,DYNLT2,-1,169751572
ENSG00000184465,WDR27,-1,169702029,ENSG00000185127,C6orf120,1,169702126
ENSG00000074935,TUBE1,-1,112087482,ENSG00000203778,FAM229B,1,112087591
ENSG00000184786,DYNLT2,-1,169751572,ENSG00000130023,ERMARD,1,169751622
ENSG00000028839,TBPL1,1,133953224,ENSG00000288529,,1,133953304
ENSG00000288529,,1,133953304,ENSG00000028839,TBPL1,1,133953224
ENSG00000145982,FARS2,1,5261513,ENSG00000214113,LYRM4,-1,5260950
ENSG00000111802,TDP2,-1,24666899,ENSG00000112304,ACOT13,1,24667077
ENSG00000112304,ACOT13,1,24667077,ENSG00000111802,TDP2,-1,24666899
ENSG00000112367,FIG4,1,109691296,ENSG00000155085,AK9,-1,109691202
ENSG00000111845,PAK1IP1,1,10694972,ENSG00000137434,C6orf52,-1,10694616
ENSG00000120438,TCP1,-1,159789602,ENSG00000112110,MRPL18,1,159790467
ENSG00000112110,MRPL18,1,159790467,ENSG00000120438,TCP1,-1,159789602
ENSG00000124733,MEA1,-1,43013946,ENSG00000124702,KLHDC3,1,43014249
ENSG00000137171,KLC4,1,43059631,ENSG00000112651,MRPL2,-1,43059434
ENSG00000112651,MRPL2,-1,43059434,ENSG00000137171,KLC4,1,43059631
ENSG00000130347,RTN4IP1,-1,106629498,ENSG00000130348,QRSL1,1,106629578
ENSG00000130348,QRSL1,1,106629578,ENSG00000130347,RTN4IP1,-1,106629498
ENSG00000214113,LYRM4,-1,5260950,ENSG00000145982,FARS2,1,5261513
ENSG00000180992,MRPL14,-1,44127452,ENSG00000137216,TMEM63B,1,44127554
ENSG00000137216,TMEM63B,1,44127554,ENSG00000180992,MRPL14,-1,44127452
ENSG00000171453,POLR1C,1,43517089,ENSG00000137207,YIPF3,-1,43516926
ENSG00000137207,YIPF3,-1,43516926,ENSG00000171453,POLR1C,1,43517089
ENSG00000124571,XPO5,-1,43576038,ENSG00000170734,POLH,1,43576185
ENSG00000170734,POLH,1,43576185,ENSG00000124571,XPO5,-1,43576038
ENSG00000137218,FRS3,-1,41779900,ENSG00000278224,PRICKLE4,1,41780782
ENSG00000278224,PRICKLE4,1,41780782,ENSG00000137218,FRS3,-1,41779900
ENSG00000204390,HSPA1L,-1,31815283,ENSG00000204389,HSPA1A,1,31815543
ENSG00000204389,HSPA1A,1,31815543,ENSG00000204390,HSPA1L,-1,31815283
ENSG00000288646,,1,53065602,ENSG00000112146,FBXO9,1,53065404
ENSG00000204576,PRR3,1,30557295,ENSG00000204590,GNL1,-1,30556489
ENSG00000204569,PPP1R10,-1,30617243,ENSG00000204568,MRPS18B,1,30617840
ENSG00000204568,MRPS18B,1,30617840,ENSG00000204569,PPP1R10,-1,30617243
ENSG00000112146,FBXO9,1,53065404,ENSG00000288646,,1,53065602
ENSG00000240065,PSMB9,1,32854192,ENSG00000168394,TAP1,-1,32853704
ENSG00000135336,ORC3,1,87590135,ENSG00000146282,RARS2,-1,87589987
ENSG00000275221,H2AC15,-1,27838375,ENSG00000233822,H2BC15,1,27838569
ENSG00000278677,H2AC17,-1,27893185,ENSG00000274641,H2BC17,1,27893425
ENSG00000274641,H2BC17,1,27893425,ENSG00000278677,H2AC17,-1,27893185
ENSG00000153291,SLC25A27,1,46652975,ENSG00000146233,CYP39A1,-1,46652818
ENSG00000204356,NELFE,-1,31958971,ENSG00000204351,SKIC2,1,31959175
ENSG00000204348,DXO,-1,31972138,ENSG00000204344,STK19,1,31972363
ENSG00000180573,H2AC6,1,26124172,ENSG00000180596,H2BC4,-1,26123926
ENSG00000196866,H2AC7,-1,26199293,ENSG00000277224,H2BC7,1,26199516
ENSG00000277775,H3C7,-1,26250635,ENSG00000275713,H2BC9,1,26251614
ENSG00000151917,BEND6,1,56955107,ENSG00000151914,DST,-1,56954830
ENSG00000155906,RMND1,-1,151452126,ENSG00000146476,ARMT1,1,151452466
ENSG00000146476,ARMT1,1,151452466,ENSG00000155906,RMND1,-1,151452126
ENSG00000135298,ADGRB3,1,68635282,ENSG00000288712,,1,68635890
ENSG00000288712,,1,68635890,ENSG00000135298,ADGRB3,1,68635282
ENSG00000204231,RXRB,-1,33200665,ENSG00000112473,SLC39A7,1,33200867
ENSG00000223501,VPS52,-1,33271876,ENSG00000231500,RPS18,1,33272075
ENSG00000231500,RPS18,1,33272075,ENSG00000223501,VPS52,-1,33271876
ENSG00000227057,WDR46,-1,33289239,ENSG00000204220,PFDN6,1,33289601
ENSG00000204220,PFDN6,1,33289601,ENSG00000227057,WDR46,-1,33289239
ENSG00000112578,BYSL,1,41921499,ENSG00000124641,MED20,-1,41921139
ENSG00000001167,NFYA,1,41072974,ENSG00000124596,OARD1,-1,41072356
ENSG00000204688,OR2H1,1,29457155,ENSG00000204694,OR11A1,-1,29457071
ENSG00000204590,GNL1,-1,30556489,ENSG00000204576,PRR3,1,30557295
ENSG00000135577,NMBR,-1,142147122,ENSG00000009844,VTA1,1,142147263
ENSG00000155085,AK9,-1,109691202,ENSG00000112367,FIG4,1,109691296
ENSG00000137434,C6orf52,-1,10694616,ENSG00000111845,PAK1IP1,1,10694972
ENSG00000122335,SERAC1,-1,158168262,ENSG00000272047,GTF2H5,1,158168350
ENSG00000272047,GTF2H5,1,158168350,ENSG00000122335,SERAC1,-1,158168262
ENSG00000276368,H2AC14,-1,27814777,ENSG00000273703,H2BC14,1,27815022
ENSG00000273703,H2BC14,1,27815022,ENSG00000276368,H2AC14,-1,27814777
ENSG00000179165,PXT1,-1,36442854,ENSG00000112078,KCTD20,1,36443000
ENSG00000124702,KLHDC3,1,43014249,ENSG00000124733,MEA1,-1,43013946
ENSG00000124641,MED20,-1,41921139,ENSG00000112578,BYSL,1,41921499
ENSG00000196747,H2AC13,1,27808173,ENSG00000185130,H2BC13,-1,27807929
ENSG00000273802,H2BC8,-1,26216688,ENSG00000277075,H2AC8,1,26216921
ENSG00000185130,H2BC13,-1,27807929,ENSG00000196747,H2AC13,1,27808173
ENSG00000233822,H2BC15,1,27838569,ENSG00000275221,H2AC15,-1,27838375
ENSG00000277224,H2BC7,1,26199516,ENSG00000196866,H2AC7,-1,26199293
ENSG00000275713,H2BC9,1,26251614,ENSG00000277775,H3C7,-1,26250635
ENSG00000124635,H2BC11,-1,27132795,ENSG00000196787,H2AC11,1,27133043
ENSG00000196787,H2AC11,1,27133043,ENSG00000124635,H2BC11,-1,27132795
ENSG00000274997,H2AC12,1,27147106,ENSG00000197903,H2BC12,-1,27146855
ENSG00000146282,RARS2,-1,87589987,ENSG00000135336,ORC3,1,87590135
ENSG00000204536,CCHCR1,-1,31157802,ENSG00000137310,TCF19,1,31158589
ENSG00000204694,OR11A1,-1,29457071,ENSG00000204688,OR2H1,1,29457155
ENSG00000204351,SKIC2,1,31959175,ENSG00000204356,NELFE,-1,31958971
ENSG00000013392,RWDD2A,1,83193357,ENSG00000013375,PGM3,-1,83193265
ENSG00000204344,STK19,1,31972363,ENSG00000204348,DXO,-1,31972138
ENSG00000168394,TAP1,-1,32853704,ENSG00000240065,PSMB9,1,32854192
ENSG00000185250,PPIL6,-1,109440628,ENSG00000135587,SMPD2,1,109440724
ENSG00000135587,SMPD2,1,109440724,ENSG00000185250,PPIL6,-1,109440628
ENSG00000013375,PGM3,-1,83193265,ENSG00000013392,RWDD2A,1,83193357
ENSG00000112473,SLC39A7,1,33200867,ENSG00000204231,RXRB,-1,33200665
ENSG00000185127,C6orf120,1,169702126,ENSG00000184465,WDR27,-1,169702029
ENSG00000277075,H2AC8,1,26216921,ENSG00000273802,H2BC8,-1,26216688
ENSG00000164508,H2AC1,-1,25726562,ENSG00000146047,H2BC1,1,25726777
ENSG00000146047,H2BC1,1,25726777,ENSG00000164508,H2AC1,-1,25726562
ENSG00000151914,DST,-1,56954830,ENSG00000151917,BEND6,1,56955107
ENSG00000137310,TCF19,1,31158589,ENSG00000204536,CCHCR1,-1,31157802
ENSG00000180596,H2BC4,-1,26123926,ENSG00000180573,H2AC6,1,26124172
ENSG00000197903,H2BC12,-1,27146855,ENSG00000274997,H2AC12,1,27147106
ENSG00000185345,PRKN,-1,162727766,ENSG00000112530,PACRG,1,162727974
ENSG00000112530,PACRG,1,162727974,ENSG00000185345,PRKN,-1,162727766
ENSG00000080546,SESN1,-1,109094846,ENSG00000183137,CEP57L1,1,109095507
ENSG00000183137,CEP57L1,1,109095507,ENSG00000080546,SESN1,-1,109094846
ENSG00000174227,PIGG,1,499210,ENSG00000182903,ZNF721,-1,499156
ENSG00000155275,TRMT44,1,8440777,ENSG00000087008,ACOX3,-1,8440723
ENSG00000174796,THAP6,1,75514473,ENSG00000163743,RCHY1,-1,75514403
ENSG00000145348,TBCK,-1,106316209,ENSG00000164022,AIMP1,1,106316550
ENSG00000138780,GSTCD,1,105708784,ENSG00000138785,INTS12,-1,105708689
ENSG00000164117,FBXO8,-1,174283667,ENSG00000164118,CEP44,1,174283911
ENSG00000164118,CEP44,1,174283911,ENSG00000164117,FBXO8,-1,174283667
ENSG00000182552,RWDD4,-1,183659185,ENSG00000168538,TRAPPC11,1,183659293
ENSG00000164144,ARFIP1,1,152779954,ENSG00000169989,TIGD4,-1,152779730
ENSG00000168538,TRAPPC11,1,183659293,ENSG00000182552,RWDD4,-1,183659185
ENSG00000163293,NIPAL1,1,48016772,ENSG00000198515,CNGA1,-1,48016681
ENSG00000170917,NUDT6,-1,122922597,ENSG00000145375,SPATA5,1,122923078
ENSG00000163257,DCAF16,-1,17810757,ENSG00000109805,NCAPG,1,17810979
ENSG00000109805,NCAPG,1,17810979,ENSG00000163257,DCAF16,-1,17810757
ENSG00000109390,NDUFC1,-1,139302477,ENSG00000164134,NAA15,1,139301505
ENSG00000145375,SPATA5,1,122923078,ENSG00000170917,NUDT6,-1,122922597
ENSG00000121897,LIAS,1,39459056,ENSG00000163682,RPL9,-1,39458922
ENSG00000163682,RPL9,-1,39458922,ENSG00000121897,LIAS,1,39459056
ENSG00000128050,PAICS,1,56436260,ENSG00000128059,PPAT,-1,56435615
ENSG00000198515,CNGA1,-1,48016681,ENSG00000163293,NIPAL1,1,48016772
ENSG00000164306,PRIMPOL,1,184649738,ENSG00000164305,CASP3,-1,184649447
ENSG00000145337,PYURF,-1,88523776,ENSG00000255072,PIGY,-1,88523776
ENSG00000255072,PIGY,-1,88523776,ENSG00000145337,PYURF,-1,88523776
ENSG00000087269,NOP14,-1,2963406,ENSG00000125388,GRK4,1,2963571
ENSG00000125388,GRK4,1,2963571,ENSG00000087269,NOP14,-1,2963406
ENSG00000163312,HELQ,-1,83455823,ENSG00000163319,MRPS18C,1,83456058
ENSG00000163319,MRPS18C,1,83456058,ENSG00000163312,HELQ,-1,83455823
ENSG00000109771,LRP2BP,-1,185395924,ENSG00000186352,ANKRD37,1,185396841
ENSG00000205208,C4orf46,-1,158671887,ENSG00000171503,ETFDH,1,158672296
ENSG00000171503,ETFDH,1,158672296,ENSG00000205208,C4orf46,-1,158671887
ENSG00000164022,AIMP1,1,106316550,ENSG00000145348,TBCK,-1,106316209
ENSG00000128059,PPAT,-1,56435615,ENSG00000128050,PAICS,1,56436260
ENSG00000163743,RCHY1,-1,75514403,ENSG00000174796,THAP6,1,75514473
ENSG00000013810,TACC3,1,1721521,ENSG00000168936,TMEM129,-1,1721323
ENSG00000168826,ZBTB49,1,4290251,ENSG00000145220,LYAR,-1,4290154
ENSG00000138785,INTS12,-1,105708689,ENSG00000138780,GSTCD,1,105708784
ENSG00000145293,ENOPH1,1,82430590,ENSG00000152795,HNRNPDL,-1,82430462
ENSG00000145220,LYAR,-1,4290154,ENSG00000168826,ZBTB49,1,4290251
ENSG00000138658,ZGRF1,-1,112636909,ENSG00000174720,LARP7,1,112637143
ENSG00000174720,LARP7,1,112637143,ENSG00000138658,ZGRF1,-1,112636909
ENSG00000169020,ATP5ME,-1,674276,ENSG00000215375,MYL5,1,674542
ENSG00000215375,MYL5,1,674542,ENSG00000169020,ATP5ME,-1,674276
ENSG00000130997,POLN,-1,2242121,ENSG00000214367,HAUS3,-1,2242121
ENSG00000159733,ZFYVE28,-1,2418645,ENSG00000206113,CFAP99,1,2418974
ENSG00000206113,CFAP99,1,2418974,ENSG00000159733,ZFYVE28,-1,2418645
ENSG00000178950,GAK,-1,932316,ENSG00000127419,TMEM175,1,932460
ENSG00000127419,TMEM175,1,932460,ENSG00000178950,GAK,-1,932316
ENSG00000186352,ANKRD37,1,185396841,ENSG00000109771,LRP2BP,-1,185395924
ENSG00000109775,UFSP2,-1,185425964,ENSG00000205129,C4orf47,1,185426254
ENSG00000205129,C4orf47,1,185426254,ENSG00000109775,UFSP2,-1,185425964
ENSG00000164305,CASP3,-1,184649447,ENSG00000164306,PRIMPOL,1,184649738
ENSG00000164162,ANAPC10,-1,145098196,ENSG00000164163,ABCE1,1,145098311
ENSG00000164163,ABCE1,1,145098311,ENSG00000164162,ANAPC10,-1,145098196
ENSG00000169989,TIGD4,-1,152779730,ENSG00000164144,ARFIP1,1,152779954
ENSG00000214367,HAUS3,-1,2242121,ENSG00000130997,POLN,-1,2242121
ENSG00000152795,HNRNPDL,-1,82430462,ENSG00000145293,ENOPH1,1,82430590
ENSG00000164073,MFSD8,-1,127965173,ENSG00000164074,ABHD18,1,127965406
ENSG00000173013,CCDC96,-1,7043001,ENSG00000173011,TADA2B,1,7043372
ENSG00000173011,TADA2B,1,7043372,ENSG00000173013,CCDC96,-1,7043001
ENSG00000164134,NAA15,1,139301505,ENSG00000109390,NDUFC1,-1,139302477
ENSG00000182903,ZNF721,-1,499156,ENSG00000174227,PIGG,1,499210
ENSG00000168936,TMEM129,-1,1721323,ENSG00000013810,TACC3,1,1721521
ENSG00000087008,ACOX3,-1,8440723,ENSG00000155275,TRMT44,1,8440777
ENSG00000164074,ABHD18,1,127965406,ENSG00000164073,MFSD8,-1,127965173
ENSG00000106524,ANKMY2,-1,16645754,ENSG00000136261,BZW2,1,16646181
ENSG00000146731,CCT6A,1,56051765,ENSG00000146733,PSPH,-1,56051444
ENSG00000146733,PSPH,-1,56051444,ENSG00000146731,CCT6A,1,56051765
ENSG00000127993,RBM48,1,92528795,ENSG00000127980,PEX1,-1,92528520
ENSG00000127980,PEX1,-1,92528520,ENSG00000127993,RBM48,1,92528795
ENSG00000001629,ANKIB1,1,92245974,ENSG00000001631,KRIT1,-1,92245914
ENSG00000177683,THAP5,-1,108569706,ENSG00000128590,DNAJB9,1,108569874
ENSG00000106397,PLOD3,-1,101217581,ENSG00000106400,ZNHIT1,1,101218165
ENSG00000128590,DNAJB9,1,108569874,ENSG00000177683,THAP5,-1,108569706
ENSG00000198839,ZNF277,1,112206695,ENSG00000128512,DOCK4,-1,112206399
ENSG00000170632,ARMC10,1,103075140,ENSG00000161040,FBXL13,-1,103074796
ENSG00000105929,ATP6V0A4,-1,138798196,ENSG00000214128,TMEM213,1,138797994
ENSG00000214128,TMEM213,1,138797994,ENSG00000105929,ATP6V0A4,-1,138798196
ENSG00000106400,ZNHIT1,1,101218165,ENSG00000106397,PLOD3,-1,101217581
ENSG00000168303,MPLKIP,-1,40134622,ENSG00000175600,SUGCT,1,40135005
ENSG00000105865,DUS4L,1,107563971,ENSG00000164597,COG5,-1,107563920
ENSG00000175600,SUGCT,1,40135005,ENSG00000168303,MPLKIP,-1,40134622
ENSG00000221838,AP4M1,1,100101643,ENSG00000166508,MCM7,-1,100101397
ENSG00000166997,CNPY4,1,100119634,ENSG00000106290,TAF6,-1,100119358
ENSG00000066923,STAG3,1,100177918,ENSG00000213420,GPC2,-1,100177381
ENSG00000213420,GPC2,-1,100177381,ENSG00000066923,STAG3,1,100177918
ENSG00000006652,IFRD1,1,112450460,ENSG00000288634,,1,112450487
ENSG00000288634,,1,112450487,ENSG00000006652,IFRD1,1,112450460
ENSG00000135211,TMEM60,-1,77798434,ENSG00000006576,PHTF2,1,77798773
ENSG00000002933,TMEM176A,1,150800769,ENSG00000106565,TMEM176B,-1,150800364
ENSG00000160917,CPSF4,1,99438943,ENSG00000106246,PTCD1,-1,99438798
ENSG00000127399,LRRC61,1,150323355,ENSG00000106526,ACTR3C,-1,150323545
ENSG00000176410,DNAJC30,-1,73683453,ENSG00000071462,BUD23,1,73683597
ENSG00000160993,ALKBH4,-1,102464863,ENSG00000161036,LRWD1,1,102464984
ENSG00000161036,LRWD1,1,102464984,ENSG00000160993,ALKBH4,-1,102464863
ENSG00000122565,CBX3,1,26201745,ENSG00000122566,HNRNPA2B1,-1,26200746
ENSG00000106588,PSMA2,-1,42932174,ENSG00000106591,MRPL32,1,42932376
ENSG00000106591,MRPL32,1,42932376,ENSG00000106588,PSMA2,-1,42932174
ENSG00000178397,FAM220A,-1,6348967,ENSG00000286075,SAGSIN1,-1,6348967
ENSG00000164597,COG5,-1,107563920,ENSG00000105865,DUS4L,1,107563971
ENSG00000122687,MRM2,-1,2242205,ENSG00000106268,NUDT1,1,2242226
ENSG00000106268,NUDT1,1,2242226,ENSG00000122687,MRM2,-1,2242205
ENSG00000075303,SLC25A40,-1,87876360,ENSG00000006634,DBF4,1,87876493
ENSG00000006634,DBF4,1,87876493,ENSG00000075303,SLC25A40,-1,87876360
ENSG00000146755,TRIM50,-1,73328082,ENSG00000077800,FKBP6,1,73328161
ENSG00000077800,FKBP6,1,73328161,ENSG00000146755,TRIM50,-1,73328082
ENSG00000001631,KRIT1,-1,92245914,ENSG00000001629,ANKIB1,1,92245974
ENSG00000127952,STYXL1,-1,76048000,ENSG00000146701,MDH2,1,76048106
ENSG00000146701,MDH2,1,76048106,ENSG00000127952,STYXL1,-1,76048000
ENSG00000128512,DOCK4,-1,112206399,ENSG00000198839,ZNF277,1,112206695
ENSG00000136261,BZW2,1,16646181,ENSG00000106524,ANKMY2,-1,16645754
ENSG00000106290,TAF6,-1,100119358,ENSG00000166997,CNPY4,1,100119634
ENSG00000106336,FBXO24,1,100586328,ENSG00000077454,LRCH4,-1,100586129
ENSG00000106244,PDAP1,-1,99408597,ENSG00000106245,BUD31,1,99408969
ENSG00000106245,BUD31,1,99408969,ENSG00000106244,PDAP1,-1,99408597
ENSG00000122566,HNRNPA2B1,-1,26200746,ENSG00000122565,CBX3,1,26201745
ENSG00000106305,AIMP2,1,6009272,ENSG00000122512,PMS2,-1,6009049
ENSG00000106246,PTCD1,-1,99438798,ENSG00000160917,CPSF4,1,99438943
ENSG00000164818,DNAAF5,1,726699,ENSG00000188191,PRKAR1B,-1,727281
ENSG00000188191,PRKAR1B,-1,727281,ENSG00000164818,DNAAF5,1,726699
ENSG00000286075,SAGSIN1,-1,6348967,ENSG00000178397,FAM220A,-1,6348967
ENSG00000077454,LRCH4,-1,100586129,ENSG00000106336,FBXO24,1,100586328
ENSG00000006576,PHTF2,1,77798773,ENSG00000135211,TMEM60,-1,77798434
ENSG00000161040,FBXL13,-1,103074796,ENSG00000170632,ARMC10,1,103075140
ENSG00000071462,BUD23,1,73683597,ENSG00000176410,DNAJC30,-1,73683453
ENSG00000106526,ACTR3C,-1,150323545,ENSG00000127399,LRRC61,1,150323355
ENSG00000106565,TMEM176B,-1,150800364,ENSG00000002933,TMEM176A,1,150800769
ENSG00000166508,MCM7,-1,100101397,ENSG00000221838,AP4M1,1,100101643
ENSG00000122512,PMS2,-1,6009049,ENSG00000106305,AIMP2,1,6009272
ENSG00000047621,C12orf4,-1,4538469,ENSG00000111247,RAD51AP1,1,4538890
ENSG00000179715,PCED1B,1,47079621,ENSG00000139211,AMIGO2,-1,47079959
ENSG00000064102,INTS13,-1,26937981,ENSG00000111790,FGFR1OP2,1,26938470
ENSG00000173451,THAP2,1,71664301,ENSG00000133858,ZFC3H1,-1,71663848
ENSG00000133640,LRRIQ1,1,85036351,ENSG00000231738,TSPAN19,-1,85036277
ENSG00000133773,CCDC59,-1,82358387,ENSG00000127720,METTL25,1,82358529
ENSG00000127720,METTL25,1,82358529,ENSG00000133773,CCDC59,-1,82358387
ENSG00000180263,FGD6,-1,95217467,ENSG00000028203,VEZT,1,95217807
ENSG00000165972,CCDC38,-1,95942614,ENSG00000139344,AMDHD1,1,95943331
ENSG00000139651,ZNF740,1,53180722,ENSG00000139631,CSAD,-1,53180925
ENSG00000139324,TMTC3,1,88142307,ENSG00000198707,CEP290,-1,88142088
ENSG00000075188,NUP37,-1,102120114,ENSG00000185480,PARPBP,1,102120183
ENSG00000139344,AMDHD1,1,95943331,ENSG00000165972,CCDC38,-1,95942614
ENSG00000136021,SCYL2,1,100267177,ENSG00000166153,DEPDC4,-1,100267079
ENSG00000256223,ZNF10,1,133130627,ENSG00000214029,ZNF891,-1,133130274
ENSG00000198270,TMEM116,-1,112013165,ENSG00000089248,ERP29,1,112013426
ENSG00000089234,BRAP,-1,111685956,ENSG00000111271,ACAD10,1,111686053
ENSG00000111790,FGFR1OP2,1,26938470,ENSG00000064102,INTS13,-1,26937981
ENSG00000285133,,-1,57520480,ENSG00000175197,DDIT3,-1,57520514
ENSG00000037897,METTL1,-1,57772105,ENSG00000123427,EEF1AKMT3,1,57772614
ENSG00000123427,EEF1AKMT3,1,57772614,ENSG00000037897,METTL1,-1,57772105
ENSG00000166130,IKBIP,-1,98644788,ENSG00000120868,APAF1,1,98645290
ENSG00000133858,ZFC3H1,-1,71663848,ENSG00000173451,THAP2,1,71664301
ENSG00000139151,PLCZ1,-1,18738012,ENSG00000177938,CAPZA3,1,18738119
ENSG00000177938,CAPZA3,1,18738119,ENSG00000139151,PLCZ1,-1,18738012
ENSG00000170855,TRIAP1,-1,120446384,ENSG00000257218,GATC,1,120446444
ENSG00000257218,GATC,1,120446444,ENSG00000170855,TRIAP1,-1,120446384
ENSG00000111665,CDCA3,-1,6851286,ENSG00000111667,USP5,1,6852150
ENSG00000205323,SARNP,-1,55817724,ENSG00000123353,ORMDL2,1,55818041
ENSG00000123353,ORMDL2,1,55818041,ENSG00000205323,SARNP,-1,55817724
ENSG00000111361,EIF2B1,-1,123633686,ENSG00000111358,GTF2H3,1,123633829
ENSG00000111358,GTF2H3,1,123633829,ENSG00000111361,EIF2B1,-1,123633686
ENSG00000087448,KLHL42,1,27780233,ENSG00000205693,MANSC4,-1,27780236
ENSG00000198707,CEP290,-1,88142088,ENSG00000139324,TMTC3,1,88142307
ENSG00000186815,TPCN1,1,113221464,ENSG00000166578,IQCD,-1,113221094
ENSG00000118307,DNAI7,-1,25195160,ENSG00000205707,ETFRF1,1,25195237
ENSG00000205707,ETFRF1,1,25195237,ENSG00000118307,DNAI7,-1,25195160
ENSG00000205693,MANSC4,-1,27780236,ENSG00000087448,KLHL42,1,27780233
ENSG00000110906,KCTD10,-1,109477300,ENSG00000151148,UBE3B,1,109477634
ENSG00000151148,UBE3B,1,109477634,ENSG00000110906,KCTD10,-1,109477300
ENSG00000139428,MMAB,-1,109573504,ENSG00000110921,MVK,1,109573794
ENSG00000111011,RSRC2,-1,122526936,ENSG00000184445,KNTC1,1,122527249
ENSG00000184445,KNTC1,1,122527249,ENSG00000111011,RSRC2,-1,122526936
ENSG00000111412,SPRING1,-1,116738069,ENSG00000135119,RNFT2,1,116738315
ENSG00000094916,CBX5,-1,54280122,ENSG00000135486,HNRNPA1,1,54280726
ENSG00000111639,MRPL51,-1,6493262,ENSG00000010292,NCAPD2,1,6494102
ENSG00000010292,NCAPD2,1,6494102,ENSG00000111639,MRPL51,-1,6493262
ENSG00000134283,PPHLN1,1,42326167,ENSG00000139168,ZCRB1,-1,42326094
ENSG00000139168,ZCRB1,-1,42326094,ENSG00000134283,PPHLN1,1,42326167
ENSG00000215021,PHB2,-1,6970664,ENSG00000126749,EMG1,1,6970913
ENSG00000135119,RNFT2,1,116738315,ENSG00000111412,SPRING1,-1,116738069
ENSG00000135486,HNRNPA1,1,54280726,ENSG00000094916,CBX5,-1,54280122
ENSG00000111667,USP5,1,6852150,ENSG00000111665,CDCA3,-1,6851286
ENSG00000139211,AMIGO2,-1,47079959,ENSG00000179715,PCED1B,1,47079621
ENSG00000185480,PARPBP,1,102120183,ENSG00000075188,NUP37,-1,102120114
ENSG00000176894,PXMP2,1,132687587,ENSG00000177084,POLE,-1,132687342
ENSG00000231738,TSPAN19,-1,85036277,ENSG00000133640,LRRIQ1,1,85036351
ENSG00000111231,GPN3,-1,110468257,ENSG00000204856,FAM216A,1,110468845
ENSG00000204856,FAM216A,1,110468845,ENSG00000111231,GPN3,-1,110468257
ENSG00000111237,VPS29,-1,110502111,ENSG00000151164,RAD9B,1,110502331
ENSG00000151164,RAD9B,1,110502331,ENSG00000111237,VPS29,-1,110502111
ENSG00000004700,RECQL,-1,21501635,ENSG00000111711,GOLT1B,1,21501789
ENSG00000111711,GOLT1B,1,21501789,ENSG00000004700,RECQL,-1,21501635
ENSG00000051825,MPHOSPH9,-1,123233141,ENSG00000130921,MTRFR,1,123233436
ENSG00000130921,MTRFR,1,123233436,ENSG00000051825,MPHOSPH9,-1,123233141
ENSG00000214029,ZNF891,-1,133130274,ENSG00000256223,ZNF10,1,133130627
ENSG00000022840,RNF10,1,120534356,ENSG00000288623,,1,120534697
ENSG00000288623,,1,120534697,ENSG00000022840,RNF10,1,120534356
ENSG00000120868,APAF1,1,98645290,ENSG00000166130,IKBIP,-1,98644788
ENSG00000185664,PMEL,-1,55966042,ENSG00000123374,CDK2,1,55966830
ENSG00000123374,CDK2,1,55966830,ENSG00000185664,PMEL,-1,55966042
ENSG00000089248,ERP29,1,112013426,ENSG00000198270,TMEM116,-1,112013165
ENSG00000175197,DDIT3,-1,57520514,ENSG00000285133,,-1,57520480
ENSG00000166153,DEPDC4,-1,100267079,ENSG00000136021,SCYL2,1,100267177
ENSG00000123064,DDX54,-1,113185478,ENSG00000139405,RITA1,1,113185721
ENSG00000139405,RITA1,1,113185721,ENSG00000123064,DDX54,-1,113185478
ENSG00000166578,IQCD,-1,113221094,ENSG00000186815,TPCN1,1,113221464
ENSG00000084463,WBP11,-1,14803478,ENSG00000182993,C12orf60,1,14803670
ENSG00000182993,C12orf60,1,14803670,ENSG00000084463,WBP11,-1,14803478
ENSG00000139631,CSAD,-1,53180925,ENSG00000139651,ZNF740,1,53180722
ENSG00000028203,VEZT,1,95217807,ENSG00000180263,FGD6,-1,95217467
ENSG00000111247,RAD51AP1,1,4538890,ENSG00000047621,C12orf4,-1,4538469
ENSG00000111254,AKAP3,-1,4649051,ENSG00000139180,NDUFA9,1,4649114
ENSG00000139180,NDUFA9,1,4649114,ENSG00000111254,AKAP3,-1,4649051
ENSG00000129317,PUS7L,-1,43758790,ENSG00000198001,IRAK4,1,43758951
ENSG00000198001,IRAK4,1,43758951,ENSG00000129317,PUS7L,-1,43758790
ENSG00000110921,MVK,1,109573794,ENSG00000139428,MMAB,-1,109573504
ENSG00000119242,CCDC92,-1,123972831,ENSG00000179195,ZNF664,1,123973215
ENSG00000179195,ZNF664,1,123973215,ENSG00000119242,CCDC92,-1,123972831
ENSG00000171792,RHNO1,1,2877223,ENSG00000111206,FOXM1,-1,2877174
ENSG00000111206,FOXM1,-1,2877174,ENSG00000171792,RHNO1,1,2877223
ENSG00000177084,POLE,-1,132687342,ENSG00000176894,PXMP2,1,132687587
ENSG00000126749,EMG1,1,6970913,ENSG00000215021,PHB2,-1,6970664
ENSG00000185163,DDX51,-1,132144319,ENSG00000184967,NOC4L,1,132144457
ENSG00000184967,NOC4L,1,132144457,ENSG00000185163,DDX51,-1,132144319
ENSG00000111271,ACAD10,1,111686053,ENSG00000089234,BRAP,-1,111685956
ENSG00000011132,APBA3,-1,3761692,ENSG00000183617,MRPL54,1,3762682
ENSG00000160633,SAFB,1,5623083,ENSG00000130254,SAFB2,-1,5622776
ENSG00000183617,MRPL54,1,3762682,ENSG00000011132,APBA3,-1,3761692
ENSG00000064490,RFXANK,1,19192258,ENSG00000254901,BORCS8,-1,19192152
ENSG00000178093,TSSK6,-1,19515548,ENSG00000186010,NDUFA13,1,19516225
ENSG00000186010,NDUFA13,1,19516225,ENSG00000178093,TSSK6,-1,19515548
ENSG00000105705,SUGP1,-1,19320509,ENSG00000129933,MAU2,1,19320829
ENSG00000105072,C19orf44,1,16496394,ENSG00000269058,CALR3,-1,16496167
ENSG00000105676,ARMC6,1,19033603,ENSG00000064607,SUGP2,-1,19033517
ENSG00000064607,SUGP2,-1,19033517,ENSG00000105676,ARMC6,1,19033603
ENSG00000196357,ZNF565,-1,36214665,ENSG00000167635,ZNF146,1,36215106
ENSG00000161558,TMEM143,-1,48363940,ENSG00000105467,SYNGR4,1,48364367
ENSG00000105738,SIPA1L3,1,37907208,ENSG00000171804,WDR87,-1,37906594
ENSG00000189114,BLOC1S3,1,45178784,ENSG00000007255,TRAPPC6A,-1,45178237
ENSG00000121289,CEP89,-1,32971958,ENSG00000131944,FAAP24,1,32972242
ENSG00000254901,BORCS8,-1,19192152,ENSG00000064490,RFXANK,1,19192258
ENSG00000006712,PAF1,-1,39391106,ENSG00000063322,MED29,1,39391378
ENSG00000063322,MED29,1,39391378,ENSG00000006712,PAF1,-1,39391106
ENSG00000105053,VRK3,-1,50025372,ENSG00000142528,ZNF473,1,50026005
ENSG00000142528,ZNF473,1,50026005,ENSG00000105053,VRK3,-1,50025372
ENSG00000073050,XRCC1,-1,43575527,ENSG00000234465,PINLYP,1,43575801
ENSG00000269058,CALR3,-1,16496167,ENSG00000105072,C19orf44,1,16496394
ENSG00000179943,FIZ1,-1,55599517,ENSG00000171443,ZNF524,1,55600288
ENSG00000171443,ZNF524,1,55600288,ENSG00000179943,FIZ1,-1,55599517
ENSG00000171817,ZNF540,1,37594876,ENSG00000180479,ZNF571,-1,37594792
ENSG00000171804,WDR87,-1,37906594,ENSG00000105738,SIPA1L3,1,37907208
ENSG00000248098,BCKDHA,1,41397818,ENSG00000077348,EXOSC5,-1,41397359
ENSG00000204673,AKT1S1,-1,49877355,ENSG00000104946,TBC1D17,1,49877702
ENSG00000130733,YIPF2,-1,10928639,ENSG00000142444,TIMM29,1,10928811
ENSG00000007255,TRAPPC6A,-1,45178237,ENSG00000189114,BLOC1S3,1,45178784
ENSG00000205155,PSENEN,1,35745651,ENSG00000161265,U2AF1L4,-1,35745418
ENSG00000161265,U2AF1L4,-1,35745418,ENSG00000205155,PSENEN,1,35745651
ENSG00000267855,NDUFA7,-1,8321375,ENSG00000233927,RPS28,1,8321496
ENSG00000233927,RPS28,1,8321496,ENSG00000267855,NDUFA7,-1,8321375
ENSG00000105467,SYNGR4,1,48364367,ENSG00000161558,TMEM143,-1,48363940
ENSG00000063177,RPL18,-1,48619178,ENSG00000063176,SPHK2,1,48619506
ENSG00000063176,SPHK2,1,48619506,ENSG00000063177,RPL18,-1,48619178
ENSG00000105518,TMEM205,-1,11346268,ENSG00000183401,CCDC159,1,11346519
ENSG00000183401,CCDC159,1,11346519,ENSG00000105518,TMEM205,-1,11346268
ENSG00000198003,ODAD3,-1,11435121,ENSG00000130175,PRKCSH,1,11435635
ENSG00000142546,NOSIP,-1,49580556,ENSG00000126460,PRRG2,1,49581316
ENSG00000126460,PRRG2,1,49581316,ENSG00000142546,NOSIP,-1,49580556
ENSG00000126456,IRF3,-1,49665857,ENSG00000126453,BCL2L12,1,49665933
ENSG00000221916,C19orf73,-1,49119143,ENSG00000177380,PPFIA3,1,49119544
ENSG00000213638,ADAT3,1,1905399,ENSG00000227500,SCAMP4,1,1905399
ENSG00000130332,LSM7,-1,2328586,ENSG00000005206,SPPL2B,1,2328684
ENSG00000076924,XAB2,-1,7629545,ENSG00000229833,PET100,1,7629793
ENSG00000005206,SPPL2B,1,2328684,ENSG00000130332,LSM7,-1,2328586
ENSG00000188033,ZNF490,-1,12610813,ENSG00000173875,ZNF791,1,12610920
ENSG00000173875,ZNF791,1,12610920,ENSG00000188033,ZNF490,-1,12610813
ENSG00000104774,MAN2B1,-1,12666742,ENSG00000123154,WDR83,1,12666807
ENSG00000123154,WDR83,1,12666807,ENSG00000104774,MAN2B1,-1,12666742
ENSG00000167815,PRDX2,-1,12801800,ENSG00000284491,THSD8,1,12802069
ENSG00000086544,ITPKC,1,40717112,ENSG00000123815,COQ8B,-1,40716886
ENSG00000123815,COQ8B,-1,40716886,ENSG00000086544,ITPKC,1,40717112
ENSG00000142444,TIMM29,1,10928811,ENSG00000130733,YIPF2,-1,10928639
ENSG00000130283,GDF1,-1,18896158,ENSG00000223802,CERS1,-1,18896158
ENSG00000105669,COPE,-1,18919387,ENSG00000105671,DDX49,1,18919715
ENSG00000105671,DDX49,1,18919715,ENSG00000105669,COPE,-1,18919387
ENSG00000130175,PRKCSH,1,11435635,ENSG00000198003,ODAD3,-1,11435121
ENSG00000011478,QPCTL,1,45692666,ENSG00000125743,SNRPD2,-1,45691953
ENSG00000079462,PAFAH1B3,-1,42302624,ENSG00000188368,PRR19,1,42302132
ENSG00000167635,ZNF146,1,36215106,ENSG00000196357,ZNF565,-1,36214665
ENSG00000188269,OR7A5,-1,14835185,ENSG00000127530,OR7C1,-1,14835185
ENSG00000115255,REEP6,1,1491181,ENSG00000115257,PCSK4,-1,1490350
ENSG00000104915,STX10,-1,13150375,ENSG00000160888,IER2,1,13150411
ENSG00000160888,IER2,1,13150411,ENSG00000104915,STX10,-1,13150375
ENSG00000132024,CC2D1A,1,13906201,ENSG00000132016,BRME1,-1,13906117
ENSG00000161277,THAP8,-1,36054285,ENSG00000075702,WDR62,1,36054897
ENSG00000105258,POLR2I,-1,36114875,ENSG00000105254,TBCB,1,36115468
ENSG00000105254,TBCB,1,36115468,ENSG00000105258,POLR2I,-1,36114875
ENSG00000075702,WDR62,1,36054897,ENSG00000161277,THAP8,-1,36054285
ENSG00000105618,PRPF31,1,54115754,ENSG00000105619,TFPT,-1,54115657
ENSG00000188368,PRR19,1,42302132,ENSG00000079462,PAFAH1B3,-1,42302624
ENSG00000125743,SNRPD2,-1,45691953,ENSG00000011478,QPCTL,1,45692666
ENSG00000105619,TFPT,-1,54115657,ENSG00000105618,PRPF31,1,54115754
ENSG00000131351,HAUS8,-1,17075452,ENSG00000099331,MYO9B,1,17075777
ENSG00000284491,THSD8,1,12802069,ENSG00000167815,PRDX2,-1,12801800
ENSG00000223802,CERS1,-1,18896158,ENSG00000130283,GDF1,-1,18896158
ENSG00000099331,MYO9B,1,17075777,ENSG00000131351,HAUS8,-1,17075452
ENSG00000142530,GARIN5A,-1,50476848,ENSG00000161671,EMC10,1,50476507
ENSG00000161671,EMC10,1,50476507,ENSG00000142530,GARIN5A,-1,50476848
ENSG00000174917,MICOS13,-1,5680516,ENSG00000167733,HSD11B1L,1,5681027
ENSG00000167733,HSD11B1L,1,5681027,ENSG00000174917,MICOS13,-1,5680516
ENSG00000196365,LONP1,-1,5720146,ENSG00000174898,CATSPERD,1,5720637
ENSG00000174898,CATSPERD,1,5720637,ENSG00000196365,LONP1,-1,5720146
ENSG00000077463,SIRT6,-1,4182563,ENSG00000089847,ANKRD24,1,4182689
ENSG00000198300,PEG3,-1,56840726,ENSG00000269699,ZIM2,-1,56840726
ENSG00000269699,ZIM2,-1,56840726,ENSG00000198300,PEG3,-1,56840726
ENSG00000167378,IRGQ,-1,43596134,ENSG00000124444,ZNF576,1,43596595
ENSG00000124444,ZNF576,1,43596595,ENSG00000167378,IRGQ,-1,43596134
ENSG00000169136,ATF5,1,49929205,ENSG00000213024,NUP62,-1,49929504
ENSG00000104886,PLEKHJ1,-1,2236329,ENSG00000104897,SF3A2,1,2236824
ENSG00000104897,SF3A2,1,2236824,ENSG00000104886,PLEKHJ1,-1,2236329
ENSG00000129933,MAU2,1,19320829,ENSG00000105705,SUGP1,-1,19320509
ENSG00000132016,BRME1,-1,13906117,ENSG00000132024,CC2D1A,1,13906201
ENSG00000214046,SMIM7,-1,16660144,ENSG00000072954,TMEM38A,1,16661139
ENSG00000072954,TMEM38A,1,16661139,ENSG00000214046,SMIM7,-1,16660144
ENSG00000089847,ANKRD24,1,4182689,ENSG00000077463,SIRT6,-1,4182563
ENSG00000077348,EXOSC5,-1,41397359,ENSG00000248098,BCKDHA,1,41397818
ENSG00000179168,GGN,-1,38388034,ENSG00000188766,SPRED3,1,38388697
ENSG00000188766,SPRED3,1,38388697,ENSG00000179168,GGN,-1,38388034
ENSG00000105186,ANKRD27,-1,32675180,ENSG00000186326,RGS9BP,1,32675848
ENSG00000186326,RGS9BP,1,32675848,ENSG00000105186,ANKRD27,-1,32675180
ENSG00000229833,PET100,1,7629793,ENSG00000076924,XAB2,-1,7629545
ENSG00000273111,LYPD4,-1,41844683,ENSG00000142025,DMRTC2,1,41845042
ENSG00000142025,DMRTC2,1,41845042,ENSG00000273111,LYPD4,-1,41844683
ENSG00000126453,BCL2L12,1,49665933,ENSG00000126456,IRF3,-1,49665857
ENSG00000188493,ACTMAP,-1,40750477,ENSG00000077312,SNRPA,1,40751203
ENSG00000077312,SNRPA,1,40751203,ENSG00000188493,ACTMAP,-1,40750477
ENSG00000185453,ZSWIM9,1,48170680,ENSG00000105486,LIG1,-1,48170344
ENSG00000105486,LIG1,-1,48170344,ENSG00000185453,ZSWIM9,1,48170680
ENSG00000172081,MOB3A,-1,2096326,ENSG00000099840,IZUMO4,1,2096915
ENSG00000099840,IZUMO4,1,2096915,ENSG00000172081,MOB3A,-1,2096326
ENSG00000131944,FAAP24,1,32972242,ENSG00000121289,CEP89,-1,32971958
ENSG00000127530,OR7C1,-1,14835185,ENSG00000188269,OR7A5,-1,14835185
ENSG00000115257,PCSK4,-1,1490350,ENSG00000115255,REEP6,1,1491181
ENSG00000234465,PINLYP,1,43575801,ENSG00000073050,XRCC1,-1,43575527
ENSG00000104946,TBC1D17,1,49877702,ENSG00000204673,AKT1S1,-1,49877355
ENSG00000213024,NUP62,-1,49929504,ENSG00000169136,ATF5,1,49929205
ENSG00000160392,C19orf47,-1,40348397,ENSG00000105223,PLD3,1,40348695
ENSG00000089335,ZNF302,1,34677678,ENSG00000205209,SCGB2B2,-1,34677159
ENSG00000227500,SCAMP4,1,1905399,ENSG00000213638,ADAT3,1,1905399
ENSG00000185869,ZNF829,-1,36916291,ENSG00000198453,ZNF568,1,36916332
ENSG00000198453,ZNF568,1,36916332,ENSG00000185869,ZNF829,-1,36916291
ENSG00000104812,GYS1,-1,48993309,ENSG00000183207,RUVBL2,1,48993887
ENSG00000177380,PPFIA3,1,49119544,ENSG00000221916,C19orf73,-1,49119143
ENSG00000105223,PLD3,1,40348695,ENSG00000160392,C19orf47,-1,40348397
ENSG00000104825,NFKBIB,1,38899969,ENSG00000068903,SIRT2,-1,38899618
ENSG00000068903,SIRT2,-1,38899618,ENSG00000104825,NFKBIB,1,38899969
ENSG00000104835,SARS2,-1,38930763,ENSG00000128626,MRPS12,1,38930944
ENSG00000128626,MRPS12,1,38930944,ENSG00000104835,SARS2,-1,38930763
ENSG00000090372,STRN4,-1,46746450,ENSG00000181027,FKRP,1,46746057
ENSG00000181027,FKRP,1,46746057,ENSG00000090372,STRN4,-1,46746450
ENSG00000130254,SAFB2,-1,5622776,ENSG00000160633,SAFB,1,5623083
ENSG00000205209,SCGB2B2,-1,34677159,ENSG00000089335,ZNF302,1,34677678
ENSG00000183207,RUVBL2,1,48993887,ENSG00000104812,GYS1,-1,48993309
ENSG00000167785,ZNF558,-1,8832304,ENSG00000170948,MBD3L1,1,8832377
ENSG00000170948,MBD3L1,1,8832377,ENSG00000167785,ZNF558,-1,8832304
ENSG00000180479,ZNF571,-1,37594792,ENSG00000171817,ZNF540,1,37594876
ENSG00000152433,ZNF547,1,57363551,ENSG00000256060,TRAPPC2B,1,57363551
ENSG00000256060,TRAPPC2B,1,57363551,ENSG00000152433,ZNF547,1,57363551
ENSG00000149050,ZNF214,-1,7020346,ENSG00000158077,NLRP14,1,7020479
ENSG00000170946,DNAJC24,1,31369860,ENSG00000170959,DCDC1,-1,31369739
ENSG00000109911,ELP4,1,31509767,ENSG00000148950,IMMP1L,-1,31509622
ENSG00000148950,IMMP1L,-1,31509622,ENSG00000109911,ELP4,1,31509767
ENSG00000169519,METTL15,1,28108388,ENSG00000121621,KIF18A,-1,28108156
ENSG00000166012,TAF1D,-1,93741495,ENSG00000182919,C11orf54,1,93741672
ENSG00000110013,SIAE,-1,124673739,ENSG00000064199,SPA17,1,124673904
ENSG00000121621,KIF18A,-1,28108156,ENSG00000169519,METTL15,1,28108388
ENSG00000197798,FAM118B,1,126211782,ENSG00000165526,RPUSD4,-1,126211650
ENSG00000126432,PRDX5,1,64318121,ENSG00000173113,TRMT112,-1,64317559
ENSG00000177700,POLR2L,-1,842529,ENSG00000214063,TSPAN4,1,842852
ENSG00000149308,NPAT,-1,108222638,ENSG00000149311,ATM,1,108223067
ENSG00000109846,CRYAB,-1,111911770,ENSG00000170276,HSPB2,1,111912734
ENSG00000170276,HSPB2,1,111912734,ENSG00000109846,CRYAB,-1,111911770
ENSG00000150776,NKAPD1,1,112074299,ENSG00000150773,PIH1D2,-1,112074017
ENSG00000150779,TIMM8B,-1,112086756,ENSG00000204370,SDHD,1,112086873
ENSG00000158077,NLRP14,1,7020479,ENSG00000149050,ZNF214,-1,7020346
ENSG00000137522,RNF121,1,71929046,ENSG00000254469,XNDC1N,-1,71928594
ENSG00000077458,FAM76B,-1,95789782,ENSG00000166037,CEP57,1,95790498
ENSG00000166037,CEP57,1,95790498,ENSG00000077458,FAM76B,-1,95789782
ENSG00000175573,C11orf68,-1,65919062,ENSG00000175550,DRAP1,1,65919426
ENSG00000175550,DRAP1,1,65919426,ENSG00000175573,C11orf68,-1,65919062
ENSG00000175376,EIF1AD,-1,66002157,ENSG00000175334,BANF1,1,66002503
ENSG00000175334,BANF1,1,66002503,ENSG00000175376,EIF1AD,-1,66002157
ENSG00000134825,TMEM258,-1,61792599,ENSG00000168496,FEN1,1,61792911
ENSG00000168496,FEN1,1,61792911,ENSG00000134825,TMEM258,-1,61792599
ENSG00000167257,RNF214,1,117232671,ENSG00000160613,PCSK7,-1,117232073
ENSG00000149761,NUDT22,1,64226274,ENSG00000149743,TRPT1,-1,64226186
ENSG00000173486,FKBP2,1,64241095,ENSG00000286264,,1,64241095
ENSG00000197345,MRPL21,-1,68903832,ENSG00000132740,IGHMBP2,1,68903891
ENSG00000132740,IGHMBP2,1,68903891,ENSG00000197345,MRPL21,-1,68903832
ENSG00000182919,C11orf54,1,93741672,ENSG00000166012,TAF1D,-1,93741495
ENSG00000064199,SPA17,1,124673904,ENSG00000110013,SIAE,-1,124673739
ENSG00000286264,,1,64241095,ENSG00000173486,FKBP2,1,64241095
ENSG00000255561,FDXACB1,-1,111879165,ENSG00000137720,CFAP68,1,111879541
ENSG00000137720,CFAP68,1,111879541,ENSG00000255561,FDXACB1,-1,111879165
ENSG00000185522,LMNTD2,-1,560738,ENSG00000099849,RASSF7,1,560970
ENSG00000099849,RASSF7,1,560970,ENSG00000185522,LMNTD2,-1,560738
ENSG00000181924,COA4,-1,73876846,ENSG00000175575,PAAF1,1,73876999
ENSG00000175575,PAAF1,1,73876999,ENSG00000181924,COA4,-1,73876846
ENSG00000214517,PPME1,1,74171289,ENSG00000168014,C2CD3,-1,74171002
ENSG00000162236,STX5,-1,62832051,ENSG00000283268,TEX54,-1,62832841
ENSG00000283268,TEX54,-1,62832841,ENSG00000162236,STX5,-1,62832051
ENSG00000182934,SRPRA,-1,126268895,ENSG00000110074,FOXRED1,1,126269154
ENSG00000149743,TRPT1,-1,64226186,ENSG00000149761,NUDT22,1,64226274
ENSG00000174165,ZDHHC24,-1,66546048,ENSG00000248746,ACTN3,1,66546903
ENSG00000248746,ACTN3,1,66546903,ENSG00000174165,ZDHHC24,-1,66546048
ENSG00000213619,NDUFS3,1,47579074,ENSG00000123444,KBTBD4,-1,47578970
ENSG00000123444,KBTBD4,-1,47578970,ENSG00000213619,NDUFS3,1,47579074
ENSG00000213593,TMX2,1,57712593,ENSG00000156603,MED19,-1,57712215
ENSG00000180425,C11orf71,-1,114400511,ENSG00000076053,RBM7,1,114400666
ENSG00000076053,RBM7,1,114400666,ENSG00000180425,C11orf71,-1,114400511
ENSG00000165526,RPUSD4,-1,126211650,ENSG00000197798,FAM118B,1,126211782
ENSG00000142082,SIRT3,-1,236342,ENSG00000185627,PSMD13,1,236976
ENSG00000132275,RRP8,-1,6603616,ENSG00000166333,ILK,1,6603774
ENSG00000166333,ILK,1,6603774,ENSG00000132275,RRP8,-1,6603616
ENSG00000168014,C2CD3,-1,74171002,ENSG00000214517,PPME1,1,74171289
ENSG00000149231,CCDC82,-1,96389912,ENSG00000183340,JRKL,1,96390013
ENSG00000183340,JRKL,1,96390013,ENSG00000149231,CCDC82,-1,96389912
ENSG00000167986,DDB1,-1,61333105,ENSG00000149476,TKFC,1,61333228
ENSG00000149476,TKFC,1,61333228,ENSG00000167986,DDB1,-1,61333105
ENSG00000162144,CYB561A3,-1,61361882,ENSG00000149483,TMEM138,1,61362374
ENSG00000149532,CPSF7,-1,61429975,ENSG00000167985,SDHAF2,1,61430124
ENSG00000167985,SDHAF2,1,61430124,ENSG00000149532,CPSF7,-1,61429975
ENSG00000149489,ROM1,1,62613257,ENSG00000149499,EML3,-1,62612775
ENSG00000149499,EML3,-1,62612775,ENSG00000149489,ROM1,1,62613257
ENSG00000278615,C11orf98,-1,62665210,ENSG00000214756,CSKMT,1,62665312
ENSG00000214756,CSKMT,1,62665312,ENSG00000278615,C11orf98,-1,62665210
ENSG00000204922,UQCC3,1,62671673,ENSG00000162194,LBHD1,-1,62672267
ENSG00000162188,GNG3,1,62707676,ENSG00000168000,BSCL2,-1,62707424
ENSG00000150773,PIH1D2,-1,112074017,ENSG00000150776,NKAPD1,1,112074299
ENSG00000118181,RPS25,-1,119018343,ENSG00000196655,TRAPPC4,1,119018766
ENSG00000196655,TRAPPC4,1,119018766,ENSG00000118181,RPS25,-1,119018343
ENSG00000132254,ARFIP2,-1,6481331,ENSG00000132286,TIMM10B,1,6481501
ENSG00000132286,TIMM10B,1,6481501,ENSG00000132254,ARFIP2,-1,6481331
ENSG00000173113,TRMT112,-1,64317559,ENSG00000126432,PRDX5,1,64318121
ENSG00000168000,BSCL2,-1,62707424,ENSG00000162188,GNG3,1,62707676
ENSG00000182791,CCDC87,-1,66593063,ENSG00000173992,CCS,1,66593185
ENSG00000173992,CCS,1,66593185,ENSG00000182791,CCDC87,-1,66593063
ENSG00000137492,THAP12,-1,76381132,ENSG00000179240,GVQW3,1,76381323
ENSG00000179240,GVQW3,1,76381323,ENSG00000137492,THAP12,-1,76381132
ENSG00000167332,OR51E2,-1,4697853,ENSG00000197674,OR51C1P,-1,4697853
ENSG00000166441,RPL27A,1,8682792,ENSG00000166436,TRIM66,-1,8682665
ENSG00000149089,APIP,-1,34916379,ENSG00000110435,PDHX,1,34916618
ENSG00000110435,PDHX,1,34916618,ENSG00000149089,APIP,-1,34916379
ENSG00000048649,RSF1,-1,77820722,ENSG00000087884,AAMDC,1,77821144
ENSG00000177042,TMEM80,1,695816,ENSG00000177030,DEAF1,-1,695222
ENSG00000177963,RIC8A,1,207708,ENSG00000177951,BET1L,-1,207399
ENSG00000170959,DCDC1,-1,31369739,ENSG00000170946,DNAJC24,1,31369860
ENSG00000156603,MED19,-1,57712215,ENSG00000213593,TMX2,1,57712593
ENSG00000160613,PCSK7,-1,117232073,ENSG00000167257,RNF214,1,117232671
ENSG00000137497,NUMA1,-1,72080542,ENSG00000184154,LRRC51,1,72080850
ENSG00000185627,PSMD13,1,236976,ENSG00000142082,SIRT3,-1,236342
ENSG00000177951,BET1L,-1,207399,ENSG00000177963,RIC8A,1,207708
ENSG00000184154,LRRC51,1,72080850,ENSG00000137497,NUMA1,-1,72080542
ENSG00000110756,HPS5,-1,18322140,ENSG00000110768,GTF2H1,1,18322567
ENSG00000110768,GTF2H1,1,18322567,ENSG00000110756,HPS5,-1,18322140
ENSG00000151502,VPS26B,1,134224671,ENSG00000151503,NCAPD3,-1,134223967
ENSG00000151500,THYN1,-1,134253352,ENSG00000151498,ACAD8,1,134253568
ENSG00000151498,ACAD8,1,134253568,ENSG00000151500,THYN1,-1,134253352
ENSG00000149311,ATM,1,108223067,ENSG00000149308,NPAT,-1,108222638
ENSG00000177030,DEAF1,-1,695222,ENSG00000177042,TMEM80,1,695816
ENSG00000151503,NCAPD3,-1,134223967,ENSG00000151502,VPS26B,1,134224671
ENSG00000110074,FOXRED1,1,126269154,ENSG00000182934,SRPRA,-1,126268895
ENSG00000214063,TSPAN4,1,842852,ENSG00000177700,POLR2L,-1,842529
ENSG00000149483,TMEM138,1,61362374,ENSG00000162144,CYB561A3,-1,61361882
ENSG00000162194,LBHD1,-1,62672267,ENSG00000204922,UQCC3,1,62671673
ENSG00000188997,KCTD21,-1,78188626,ENSG00000118369,USP35,1,78188919
ENSG00000118369,USP35,1,78188919,ENSG00000188997,KCTD21,-1,78188626
ENSG00000110665,C11orf21,-1,2301918,ENSG00000064201,TSPAN32,1,2302013
ENSG00000064201,TSPAN32,1,2302013,ENSG00000110665,C11orf21,-1,2301918
ENSG00000146670,CDCA5,-1,65084040,ENSG00000162300,ZFPL1,1,65084222
ENSG00000162300,ZFPL1,1,65084222,ENSG00000146670,CDCA5,-1,65084040
ENSG00000149806,FAU,-1,65122134,ENSG00000149792,MRPL49,1,65122321
ENSG00000149792,MRPL49,1,65122321,ENSG00000149806,FAU,-1,65122134
ENSG00000070985,TRPM5,-1,2444514,ENSG00000053918,KCNQ1,1,2445008
ENSG00000150316,CWC15,-1,94973556,ENSG00000186280,KDM4D,1,94973709
ENSG00000186280,KDM4D,1,94973709,ENSG00000150316,CWC15,-1,94973556
ENSG00000020922,MRE11,-1,94493844,ENSG00000168876,ANKRD49,1,94493984
ENSG00000168876,ANKRD49,1,94493984,ENSG00000020922,MRE11,-1,94493844
ENSG00000087884,AAMDC,1,77821144,ENSG00000048649,RSF1,-1,77820722
ENSG00000254469,XNDC1N,-1,71928594,ENSG00000137522,RNF121,1,71929046
ENSG00000197674,OR51C1P,-1,4697853,ENSG00000167332,OR51E2,-1,4697853
ENSG00000118363,SPCS2,1,74949266,ENSG00000166435,XRRA1,-1,74949091
ENSG00000182359,KBTBD3,-1,106077347,ENSG00000149313,AASDHPPT,1,106077662
ENSG00000149313,AASDHPPT,1,106077662,ENSG00000182359,KBTBD3,-1,106077347
ENSG00000166435,XRRA1,-1,74949091,ENSG00000118363,SPCS2,1,74949266
ENSG00000166436,TRIM66,-1,8682665,ENSG00000166441,RPL27A,1,8682792
ENSG00000180423,HARBI1,-1,46617227,ENSG00000175224,ATG13,1,46617553
ENSG00000175224,ATG13,1,46617553,ENSG00000180423,HARBI1,-1,46617227
ENSG00000175220,ARHGAP1,-1,46700619,ENSG00000175213,ZNF408,1,46701031
ENSG00000175213,ZNF408,1,46701031,ENSG00000175220,ARHGAP1,-1,46700619
ENSG00000053918,KCNQ1,1,2445008,ENSG00000070985,TRPM5,-1,2444514
ENSG00000204370,SDHD,1,112086873,ENSG00000150779,TIMM8B,-1,112086756
ENSG00000074755,ZZEF1,-1,4143030,ENSG00000167740,CYB5D2,1,4143197
ENSG00000256806,C17orf100,1,6651762,ENSG00000108590,MED31,-1,6651605
ENSG00000129235,TXNDC17,1,6641060,ENSG00000198920,KIAA0753,-1,6640711
ENSG00000198920,KIAA0753,-1,6640711,ENSG00000129235,TXNDC17,1,6641060
ENSG00000108590,MED31,-1,6651605,ENSG00000256806,C17orf100,1,6651762
ENSG00000198783,ZNF830,1,34961540,ENSG00000132141,CCT6B,-1,34961460
ENSG00000132141,CCT6B,-1,34961460,ENSG00000198783,ZNF830,1,34961540
ENSG00000278540,ACACA,-1,37406836,ENSG00000276234,TADA2A,1,37406886
ENSG00000276234,TADA2A,1,37406886,ENSG00000278540,ACACA,-1,37406836
ENSG00000172057,ORMDL3,-1,39927601,ENSG00000204913,LRRC3C,1,39927732
ENSG00000176563,CNTD1,1,42798861,ENSG00000183978,COA3,-1,42798704
ENSG00000229637,PRAC2,1,48723185,ENSG00000159182,PRAC1,-1,48722518
ENSG00000159182,PRAC1,-1,48722518,ENSG00000229637,PRAC2,1,48723185
ENSG00000108798,ABI3,1,49210707,ENSG00000167083,GNGT2,-1,49210574
ENSG00000183978,COA3,-1,42798704,ENSG00000176563,CNTD1,1,42798861
ENSG00000167083,GNGT2,-1,49210574,ENSG00000108798,ABI3,1,49210707
ENSG00000011260,UTP18,1,51260546,ENSG00000011258,MBTD1,-1,51260049
ENSG00000180901,KCTD2,1,75047225,ENSG00000167863,ATP5PD,-1,75046969
ENSG00000166260,COX11,-1,54968654,ENSG00000166263,STXBP4,1,54968765
ENSG00000011258,MBTD1,-1,51260049,ENSG00000011260,UTP18,1,51260546
ENSG00000166263,STXBP4,1,54968765,ENSG00000166260,COX11,-1,54968654
ENSG00000109079,TNFAIP1,1,28335761,ENSG00000109083,IFT20,-1,28335472
ENSG00000004142,POLDIP2,-1,28357527,ENSG00000244045,TMEM199,1,28357647
ENSG00000244045,TMEM199,1,28357647,ENSG00000004142,POLDIP2,-1,28357527
ENSG00000186532,SMYD4,-1,1829902,ENSG00000132383,RPA1,1,1830005
ENSG00000132383,RPA1,1,1830005,ENSG00000186532,SMYD4,-1,1829902
ENSG00000224877,NDUFAF8,1,81239318,ENSG00000167302,TEPSIN,-1,81239055
ENSG00000167740,CYB5D2,1,4143197,ENSG00000074755,ZZEF1,-1,4143030
ENSG00000182224,CYB5D1,1,7858003,ENSG00000183011,NAA38,-1,7857559
ENSG00000170043,TRAPPC1,-1,7931946,ENSG00000170037,CNTROB,1,7932206
ENSG00000170037,CNTROB,1,7932206,ENSG00000170043,TRAPPC1,-1,7931946
ENSG00000170310,STX8,-1,9575820,ENSG00000166596,CFAP52,1,9576642
ENSG00000166596,CFAP52,1,9576642,ENSG00000170310,STX8,-1,9575820
ENSG00000133028,SCO1,-1,10697533,ENSG00000170222,ADPRM,1,10697594
ENSG00000170222,ADPRM,1,10697594,ENSG00000133028,SCO1,-1,10697533
ENSG00000108883,EFTUD2,-1,44899445,ENSG00000167131,CCDC103,1,44899729
ENSG00000167131,CCDC103,1,44899729,ENSG00000108883,EFTUD2,-1,44899445
ENSG00000181396,OGFOD3,-1,82418586,ENSG00000169660,HEXD,1,82418347
ENSG00000204237,OXLD1,-1,81666605,ENSG00000185298,CCDC137,1,81666737
ENSG00000185298,CCDC137,1,81666737,ENSG00000204237,OXLD1,-1,81666605
ENSG00000108469,RECQL5,-1,75667154,ENSG00000161526,SAP30BP,1,75667338
ENSG00000161526,SAP30BP,1,75667338,ENSG00000108469,RECQL5,-1,75667154
ENSG00000257949,TEN1,1,75979240,ENSG00000161533,ACOX1,-1,75979166
ENSG00000070495,JMJD6,-1,76726606,ENSG00000181038,METTL23,1,76726839
ENSG00000169660,HEXD,1,82418347,ENSG00000181396,OGFOD3,-1,82418586
ENSG00000109083,IFT20,-1,28335472,ENSG00000109079,TNFAIP1,1,28335761
ENSG00000181038,METTL23,1,76726839,ENSG00000070495,JMJD6,-1,76726606
ENSG00000132581,SDF2,-1,28661906,ENSG00000109111,SUPT6H,1,28662205
ENSG00000109111,SUPT6H,1,28662205,ENSG00000132581,SDF2,-1,28661906
ENSG00000182628,SKA2,-1,59155186,ENSG00000068489,PRR11,1,59155746
ENSG00000068489,PRR11,1,59155746,ENSG00000182628,SKA2,-1,59155186
ENSG00000070366,SMG6,-1,2303785,ENSG00000167720,SRR,1,2303950
ENSG00000167720,SRR,1,2303950,ENSG00000070366,SMG6,-1,2303785
ENSG00000159111,MRPL10,-1,47831541,ENSG00000141294,LRRC46,1,47831670
ENSG00000141294,LRRC46,1,47831670,ENSG00000159111,MRPL10,-1,47831541
ENSG00000108654,DDX5,-1,64506289,ENSG00000258890,CEP95,1,64506977
ENSG00000185359,HGS,1,81684011,ENSG00000214087,ARL16,-1,81683797
ENSG00000125447,GGA3,-1,75261606,ENSG00000125445,MRPS7,1,75261879
ENSG00000125445,MRPS7,1,75261879,ENSG00000125447,GGA3,-1,75261606
ENSG00000141497,ZMYND15,1,4739833,ENSG00000161921,CXCL16,-1,4739928
ENSG00000141699,RETREG3,-1,42609374,ENSG00000131462,TUBG1,1,42609683
ENSG00000167900,TK1,-1,78187052,ENSG00000183077,AFMID,1,78187362
ENSG00000183684,ALYREF,-1,81891586,ENSG00000141552,ANAPC11,1,81891723
ENSG00000141552,ANAPC11,1,81891723,ENSG00000183684,ALYREF,-1,81891586
ENSG00000131462,TUBG1,1,42609683,ENSG00000141699,RETREG3,-1,42609374
ENSG00000184451,CCR10,-1,42681843,ENSG00000108797,CNTNAP1,1,42682531
ENSG00000108797,CNTNAP1,1,42682531,ENSG00000184451,CCR10,-1,42681843
ENSG00000171861,MRM3,1,782353,ENSG00000167699,GLOD4,-1,782280
ENSG00000214087,ARL16,-1,81683797,ENSG00000185359,HGS,1,81684011
ENSG00000141337,ARSG,1,68291495,ENSG00000108932,SLC16A6,-1,68291127
ENSG00000177303,CASKIN2,-1,75515537,ENSG00000182173,TSEN54,1,75516528
ENSG00000182173,TSEN54,1,75516528,ENSG00000177303,CASKIN2,-1,75515537
ENSG00000181409,AATK,-1,81166221,ENSG00000225180,PVALEF,1,81165507
ENSG00000225180,PVALEF,1,81165507,ENSG00000181409,AATK,-1,81166221
ENSG00000167302,TEPSIN,-1,81239055,ENSG00000224877,NDUFAF8,1,81239318
ENSG00000214226,C17orf67,-1,56833920,ENSG00000153933,DGKE,1,56834151
ENSG00000153933,DGKE,1,56834151,ENSG00000214226,C17orf67,-1,56833920
ENSG00000267060,PTGES3L,-1,42980080,ENSG00000198863,RUNDC1,1,42980565
ENSG00000108826,MRPL27,-1,50373184,ENSG00000154920,EME1,1,50373229
ENSG00000154920,EME1,1,50373229,ENSG00000108826,MRPL27,-1,50373184
ENSG00000167863,ATP5PD,-1,75046969,ENSG00000180901,KCTD2,1,75047225
ENSG00000175826,CTDNEP1,-1,7251734,ENSG00000170291,ELP5,1,7252215
ENSG00000183011,NAA38,-1,7857559,ENSG00000182224,CYB5D1,1,7858003
ENSG00000169733,RFNG,-1,82051811,ENSG00000169727,GPS1,1,82051898
ENSG00000204913,LRRC3C,1,39927732,ENSG00000172057,ORMDL3,-1,39927601
ENSG00000092931,MFSD11,1,76738119,ENSG00000161547,SRSF2,-1,76737331
ENSG00000108932,SLC16A6,-1,68291127,ENSG00000141337,ARSG,1,68291495
ENSG00000258890,CEP95,1,64506977,ENSG00000108654,DDX5,-1,64506289
ENSG00000141219,C17orf80,1,73232433,ENSG00000133193,FAM104A,-1,73232394
ENSG00000133193,FAM104A,-1,73232394,ENSG00000141219,C17orf80,1,73232433
ENSG00000183077,AFMID,1,78187362,ENSG00000167900,TK1,-1,78187052
ENSG00000167699,GLOD4,-1,782280,ENSG00000171861,MRM3,1,782353
ENSG00000170291,ELP5,1,7252215,ENSG00000175826,CTDNEP1,-1,7251734
ENSG00000161533,ACOX1,-1,75979166,ENSG00000257949,TEN1,1,75979240
ENSG00000198863,RUNDC1,1,42980565,ENSG00000267060,PTGES3L,-1,42980080
ENSG00000108528,SLC25A11,-1,4940046,ENSG00000108523,RNF167,1,4940268
ENSG00000108523,RNF167,1,4940268,ENSG00000108528,SLC25A11,-1,4940046
ENSG00000129250,KIF1C,1,4997950,ENSG00000196388,INCA1,-1,4997522
ENSG00000196388,INCA1,-1,4997522,ENSG00000129250,KIF1C,1,4997950
ENSG00000141519,CCDC40,1,80036642,ENSG00000167291,TBC1D16,-1,80035872
ENSG00000182612,TSPAN10,1,81637196,ENSG00000182446,NPLOC4,-1,81637112
ENSG00000121101,TEX14,-1,58692045,ENSG00000108384,RAD51C,1,58692602
ENSG00000121101,TEX14,-1,58692045,ENSG00000266826,IGBP1C,-1,58692045
ENSG00000266826,IGBP1C,-1,58692045,ENSG00000108384,RAD51C,1,58692602
ENSG00000266826,IGBP1C,-1,58692045,ENSG00000121101,TEX14,-1,58692045
ENSG00000108384,RAD51C,1,58692602,ENSG00000266826,IGBP1C,-1,58692045
ENSG00000108384,RAD51C,1,58692602,ENSG00000121101,TEX14,-1,58692045
ENSG00000040531,CTNS,1,3636760,ENSG00000197417,SHPK,-1,3636250
ENSG00000197417,SHPK,-1,3636250,ENSG00000040531,CTNS,1,3636760
ENSG00000213977,TAX1BP3,-1,3668578,ENSG00000127774,EMC6,1,3668812
ENSG00000127774,EMC6,1,3668812,ENSG00000213977,TAX1BP3,-1,3668578
ENSG00000108588,CCDC47,-1,63773597,ENSG00000198231,DDX42,1,63774170
ENSG00000198231,DDX42,1,63774170,ENSG00000108588,CCDC47,-1,63773597
ENSG00000108592,FTSJ3,-1,63827663,ENSG00000087191,PSMC5,1,63827431
ENSG00000278259,MYO19,-1,36534868,ENSG00000277161,PIGW,1,36534987
ENSG00000277161,PIGW,1,36534987,ENSG00000278259,MYO19,-1,36534868
ENSG00000141499,WRAP53,1,7688477,ENSG00000141510,TP53,-1,7687490
ENSG00000180042,OR1R1P,1,3385930,ENSG00000221882,OR3A2,-1,3386308
ENSG00000129197,RPAIN,1,5420182,ENSG00000108559,NUP88,-1,5419662
ENSG00000072849,DERL2,-1,5486178,ENSG00000167842,MIS12,1,5486566
ENSG00000167842,MIS12,1,5486566,ENSG00000072849,DERL2,-1,5486178
ENSG00000108559,NUP88,-1,5419662,ENSG00000129197,RPAIN,1,5420182
ENSG00000141378,PTRH2,-1,59707430,ENSG00000062716,VMP1,1,59707654
ENSG00000181523,SGSH,-1,80220333,ENSG00000181045,SLC26A11,1,80220427
ENSG00000181045,SLC26A11,1,80220427,ENSG00000181523,SGSH,-1,80220333
ENSG00000087191,PSMC5,1,63827431,ENSG00000108592,FTSJ3,-1,63827663
ENSG00000177302,TOP3A,-1,18314994,ENSG00000176994,SMCR8,1,18315293
ENSG00000176994,SMCR8,1,18315293,ENSG00000177302,TOP3A,-1,18314994
ENSG00000214941,ZSWIM7,-1,15999704,ENSG00000011295,TTC19,1,15999824
ENSG00000011295,TTC19,1,15999824,ENSG00000214941,ZSWIM7,-1,15999704
ENSG00000109065,NAT9,-1,74776345,ENSG00000109066,TMEM104,1,74776499
ENSG00000109066,TMEM104,1,74776499,ENSG00000109065,NAT9,-1,74776345
ENSG00000182446,NPLOC4,-1,81637112,ENSG00000182612,TSPAN10,1,81637196
ENSG00000167291,TBC1D16,-1,80035872,ENSG00000141519,CCDC40,1,80036642
ENSG00000161921,CXCL16,-1,4739928,ENSG00000141497,ZMYND15,1,4739833
ENSG00000169689,CENPX,-1,82022878,ENSG00000169683,LRRC45,1,82023305
ENSG00000169683,LRRC45,1,82023305,ENSG00000169689,CENPX,-1,82022878
ENSG00000169727,GPS1,1,82051898,ENSG00000169733,RFNG,-1,82051811
ENSG00000221882,OR3A2,-1,3386308,ENSG00000180042,OR1R1P,1,3385930
ENSG00000062716,VMP1,1,59707654,ENSG00000141378,PTRH2,-1,59707430
ENSG00000108423,TUBD1,-1,59892943,ENSG00000108443,RPS6KB1,1,59893121
ENSG00000108443,RPS6KB1,1,59893121,ENSG00000108423,TUBD1,-1,59892943
ENSG00000175662,TOM1L2,-1,17972400,ENSG00000171962,DRC3,1,17972862
ENSG00000171962,DRC3,1,17972862,ENSG00000175662,TOM1L2,-1,17972400
ENSG00000171953,ATPAF2,-1,18039168,ENSG00000141034,GID4,1,18039408
ENSG00000141034,GID4,1,18039408,ENSG00000171953,ATPAF2,-1,18039168
ENSG00000141510,TP53,-1,7687490,ENSG00000141499,WRAP53,1,7688477
ENSG00000161547,SRSF2,-1,76737331,ENSG00000092931,MFSD11,1,76738119
ENSG00000206559,ZCWPW2,1,28348721,ENSG00000163512,AZI2,-1,28348824
ENSG00000170860,LSM3,1,14178817,ENSG00000154767,XPC,-1,14178601
ENSG00000163512,AZI2,-1,28348824,ENSG00000206559,ZCWPW2,1,28348721
ENSG00000114388,NPRL2,-1,50350775,ENSG00000114395,CYB561D2,1,50350862
ENSG00000154174,TOMM70,-1,100401089,ENSG00000206535,LNP1,1,100401539
ENSG00000206535,LNP1,1,100401539,ENSG00000154174,TOMM70,-1,100401089
ENSG00000198919,DZIP3,1,108589722,ENSG00000163507,CIP2A,-1,108589438
ENSG00000144848,ATG3,-1,112561962,ENSG00000138459,SLC35A5,1,112562045
ENSG00000138459,SLC35A5,1,112562045,ENSG00000144848,ATG3,-1,112561962
ENSG00000114670,NEK11,1,131026877,ENSG00000034533,ASTE1,-1,131026825
ENSG00000120742,SERP1,-1,150546496,ENSG00000144895,EIF2A,1,150546787
ENSG00000174013,FBXO45,1,196568660,ENSG00000185798,WDR53,-1,196568554
ENSG00000185798,WDR53,-1,196568554,ENSG00000174013,FBXO45,1,196568660
ENSG00000163634,THOC7,-1,63863805,ENSG00000163635,ATXN7,1,63863867
ENSG00000154767,XPC,-1,14178601,ENSG00000170860,LSM3,1,14178817
ENSG00000144840,RABL3,-1,120742516,ENSG00000153767,GTF2E1,1,120742744
ENSG00000163635,ATXN7,1,63863867,ENSG00000163634,THOC7,-1,63863805
ENSG00000214160,ALG3,-1,184248962,ENSG00000284753,EEF1AKMT4,1,184249672
ENSG00000284753,EEF1AKMT4,1,184249672,ENSG00000214160,ALG3,-1,184248962
ENSG00000114859,CLCN2,-1,184361605,ENSG00000163882,POLR2H,1,184361710
ENSG00000114742,WDR48,1,39052016,ENSG00000168356,SCN11A,-1,39051944
ENSG00000136522,MRPL47,-1,179604638,ENSG00000136521,NDUFB5,1,179604794
ENSG00000168356,SCN11A,-1,39051944,ENSG00000114742,WDR48,1,39052016
ENSG00000034533,ASTE1,-1,131026825,ENSG00000114670,NEK11,1,131026877
ENSG00000114395,CYB561D2,1,50350862,ENSG00000114388,NPRL2,-1,50350775
ENSG00000164068,RNF123,1,49689557,ENSG00000173531,MST1,-1,49689474
ENSG00000173531,MST1,-1,49689474,ENSG00000164068,RNF123,1,49689557
ENSG00000114648,KLHL18,1,47282944,ENSG00000088727,KIF9,-1,47282799
ENSG00000183770,FOXL2,-1,138947137,ENSG00000206262,FOXL2NB,1,138947217
ENSG00000206262,FOXL2NB,1,138947217,ENSG00000183770,FOXL2,-1,138947137
ENSG00000114209,PDCD10,-1,167734892,ENSG00000163536,SERPINI1,1,167735721
ENSG00000163536,SERPINI1,1,167735721,ENSG00000114209,PDCD10,-1,167734892
ENSG00000114767,RRP9,-1,51941904,ENSG00000041880,PARP3,1,51942363
ENSG00000163930,BAP1,-1,52410008,ENSG00000010318,PHF7,1,52410660
ENSG00000174007,CEP19,-1,196712250,ENSG00000163964,PIGX,1,196712377
ENSG00000240303,ACAD11,-1,132659809,ENSG00000081307,UBA5,1,132660329
ENSG00000081307,UBA5,1,132660329,ENSG00000240303,ACAD11,-1,132659809
ENSG00000129055,ANAPC13,-1,134485985,ENSG00000182923,CEP63,1,134486057
ENSG00000163320,CGGBP1,-1,88059005,ENSG00000288654,,-1,88058216
ENSG00000163320,CGGBP1,-1,88059005,ENSG00000175105,ZNF654,1,88059255
ENSG00000288654,,-1,88058216,ENSG00000163320,CGGBP1,-1,88059005
ENSG00000175105,ZNF654,1,88059255,ENSG00000163320,CGGBP1,-1,88059005
ENSG00000163684,RPP14,1,58306245,ENSG00000255154,HTD2,1,58306520
ENSG00000136521,NDUFB5,1,179604794,ENSG00000136522,MRPL47,-1,179604638
ENSG00000255154,HTD2,1,58306520,ENSG00000163684,RPP14,1,58306245
ENSG00000067560,RHOA,-1,49411976,ENSG00000145022,TCTA,1,49412423
ENSG00000178700,DHFR2,-1,94062916,ENSG00000178694,NSUN3,1,94063061
ENSG00000178694,NSUN3,1,94063061,ENSG00000178700,DHFR2,-1,94062916
ENSG00000041880,PARP3,1,51942363,ENSG00000114767,RRP9,-1,51941904
ENSG00000206562,METTL6,-1,15427544,ENSG00000144597,EAF1,1,15427598
ENSG00000144597,EAF1,1,15427598,ENSG00000206562,METTL6,-1,15427544
ENSG00000131373,HACL1,-1,15601569,ENSG00000169814,BTD,1,15601745
ENSG00000186792,HYAL3,-1,50299405,ENSG00000243477,NAA80,-1,50299405
ENSG00000243477,NAA80,-1,50299405,ENSG00000186792,HYAL3,-1,50299405
ENSG00000164051,CCDC51,-1,48440119,ENSG00000232112,TMA7,1,48440257
ENSG00000232112,TMA7,1,48440257,ENSG00000164051,CCDC51,-1,48440119
ENSG00000241553,ARPC4,1,9793082,ENSG00000171148,TADA3,-1,9792473
ENSG00000163964,PIGX,1,196712377,ENSG00000174007,CEP19,-1,196712250
ENSG00000016391,CHDH,-1,53846419,ENSG00000056736,IL17RB,1,53846568
ENSG00000056736,IL17RB,1,53846568,ENSG00000016391,CHDH,-1,53846419
ENSG00000171148,TADA3,-1,9792473,ENSG00000241553,ARPC4,1,9793082
ENSG00000129071,MBD4,-1,129439948,ENSG00000163913,IFT122,1,129440224
ENSG00000182923,CEP63,1,134486057,ENSG00000129055,ANAPC13,-1,134485985
ENSG00000088727,KIF9,-1,47282799,ENSG00000114648,KLHL18,1,47282944
ENSG00000144895,EIF2A,1,150546787,ENSG00000120742,SERP1,-1,150546496
ENSG00000173226,IQCB1,-1,121835060,ENSG00000145088,EAF2,1,121835209
ENSG00000145088,EAF2,1,121835209,ENSG00000173226,IQCB1,-1,121835060
ENSG00000010318,PHF7,1,52410660,ENSG00000163930,BAP1,-1,52410008
ENSG00000163507,CIP2A,-1,108589438,ENSG00000198919,DZIP3,1,108589722
ENSG00000163882,POLR2H,1,184361710,ENSG00000114859,CLCN2,-1,184361605
ENSG00000171757,LRRC34,-1,169812904,ENSG00000188306,LRRIQ4,1,169812870
ENSG00000188306,LRRIQ4,1,169812870,ENSG00000171757,LRRC34,-1,169812904
ENSG00000114503,NCBP2,-1,196942528,ENSG00000270170,NCBP2AS2,1,196942674
ENSG00000270170,NCBP2AS2,1,196942674,ENSG00000114503,NCBP2,-1,196942528
ENSG00000160124,MIX23,-1,122383231,ENSG00000114023,FAM162A,1,122384182
ENSG00000114023,FAM162A,1,122384182,ENSG00000160124,MIX23,-1,122383231
ENSG00000138496,PARP9,-1,122564300,ENSG00000163840,DTX3L,1,122564338
ENSG00000163840,DTX3L,1,122564338,ENSG00000138496,PARP9,-1,122564300
ENSG00000145022,TCTA,1,49412423,ENSG00000067560,RHOA,-1,49411976
ENSG00000114473,IQCG,-1,197959991,ENSG00000185621,LMLN,1,197960217
ENSG00000185621,LMLN,1,197960217,ENSG00000114473,IQCG,-1,197959991
ENSG00000114745,GORASP1,-1,39107627,ENSG00000168026,TTC21A,1,39107680
ENSG00000154813,DPH3,-1,16264943,ENSG00000154814,OXNAD1,1,16265212
ENSG00000154814,OXNAD1,1,16265212,ENSG00000154813,DPH3,-1,16264943
ENSG00000163913,IFT122,1,129440224,ENSG00000129071,MBD4,-1,129439948
ENSG00000144645,OSBPL10,-1,31981262,ENSG00000197385,ZNF860,1,31981750
ENSG00000197385,ZNF860,1,31981750,ENSG00000144645,OSBPL10,-1,31981262
ENSG00000163617,CCDC191,-1,114056526,ENSG00000151576,QTRT2,1,114056737
ENSG00000151576,QTRT2,1,114056737,ENSG00000163617,CCDC191,-1,114056526
ENSG00000163938,GNL3,1,52686032,ENSG00000163939,PBRM1,-1,52685913
ENSG00000016864,GLT8D1,-1,52705791,ENSG00000114902,SPCS1,1,52706106
ENSG00000114902,SPCS1,1,52706106,ENSG00000016864,GLT8D1,-1,52705791
ENSG00000168026,TTC21A,1,39107680,ENSG00000114745,GORASP1,-1,39107627
ENSG00000121579,NAA50,-1,113746249,ENSG00000114573,ATP6V1A,1,113747035
ENSG00000163807,KIAA1143,-1,44761619,ENSG00000163808,KIF15,1,44761794
ENSG00000163808,KIF15,1,44761794,ENSG00000163807,KIAA1143,-1,44761619
ENSG00000075914,EXOSC7,1,44976244,ENSG00000163812,ZDHHC3,-1,44976174
ENSG00000163812,ZDHHC3,-1,44976174,ENSG00000075914,EXOSC7,1,44976244
ENSG00000114573,ATP6V1A,1,113747035,ENSG00000121579,NAA50,-1,113746249
ENSG00000153767,GTF2E1,1,120742744,ENSG00000144840,RABL3,-1,120742516
ENSG00000163939,PBRM1,-1,52685913,ENSG00000163938,GNL3,1,52686032
ENSG00000197885,NKIRAS1,-1,23916990,ENSG00000174748,RPL15,1,23917132
ENSG00000174748,RPL15,1,23917132,ENSG00000197885,NKIRAS1,-1,23916990
ENSG00000169814,BTD,1,15601745,ENSG00000131373,HACL1,-1,15601569
ENSG00000170266,GLB1,-1,33097146,ENSG00000188167,TMPPE,-1,33097146
ENSG00000188167,TMPPE,-1,33097146,ENSG00000170266,GLB1,-1,33097146
ENSG00000178567,EPM2AIP1,-1,36993131,ENSG00000076242,MLH1,1,36993518
ENSG00000076242,MLH1,1,36993518,ENSG00000178567,EPM2AIP1,-1,36993131
ENSG00000163528,CHCHD4,-1,14124870,ENSG00000170876,TMEM43,1,14125052
ENSG00000170876,TMEM43,1,14125052,ENSG00000163528,CHCHD4,-1,14124870
ENSG00000068885,IFT80,-1,160399225,ENSG00000113810,SMC4,1,160399650
ENSG00000113810,SMC4,1,160399650,ENSG00000068885,IFT80,-1,160399225
ENSG00000163029,SMC6,-1,17753810,ENSG00000178295,GEN1,1,17754138
ENSG00000084754,HADHA,-1,26244632,ENSG00000138029,HADHB,1,26244939
ENSG00000178295,GEN1,1,17754138,ENSG00000163029,SMC6,-1,17753810
ENSG00000138029,HADHB,1,26244939,ENSG00000084754,HADHA,-1,26244632
ENSG00000143951,WDPCP,-1,63588477,ENSG00000014641,MDH1,1,63588963
ENSG00000243667,DNAAF10,-1,68157527,ENSG00000115946,PNO1,1,68157888
ENSG00000115946,PNO1,1,68157888,ENSG00000243667,DNAAF10,-1,68157527
ENSG00000115239,ASB3,-1,53786953,ENSG00000068912,ERLEC1,1,53787044
ENSG00000135951,TSGA10,-1,99154942,ENSG00000144182,LIPT1,1,99154967
ENSG00000144021,CIAO1,1,96266225,ENSG00000135956,TMEM127,-1,96265997
ENSG00000186132,C2orf76,-1,119366834,ENSG00000155368,DBI,1,119366977
ENSG00000198142,SOWAHC,1,109614364,ENSG00000186522,SEPTIN10,-1,109613966
ENSG00000136718,IMP4,1,130342897,ENSG00000136710,CCDC115,-1,130342164
ENSG00000186522,SEPTIN10,-1,109613966,ENSG00000198142,SOWAHC,1,109614364
ENSG00000138400,MDH1B,-1,206765328,ENSG00000118246,FASTKD2,1,206765606
ENSG00000118246,FASTKD2,1,206765606,ENSG00000138400,MDH1B,-1,206765328
ENSG00000136710,CCDC115,-1,130342164,ENSG00000136718,IMP4,1,130342897
ENSG00000121988,ZRANB3,-1,135531218,ENSG00000048991,R3HDM1,1,135531484
ENSG00000168397,ATG4B,1,241637693,ENSG00000176946,THAP4,-1,241637158
ENSG00000168385,SEPTIN2,1,241315925,ENSG00000115677,HDLBP,-1,241315672
ENSG00000250565,ATP6V1E2,-1,46542577,ENSG00000119729,RHOQ,1,46542490
ENSG00000119729,RHOQ,1,46542490,ENSG00000250565,ATP6V1E2,-1,46542577
ENSG00000151665,PIGF,-1,46617041,ENSG00000119878,CRIPT,1,46617215
ENSG00000119878,CRIPT,1,46617215,ENSG00000151665,PIGF,-1,46617041
ENSG00000008869,HEATR5B,-1,37084372,ENSG00000152133,GPATCH11,1,37084518
ENSG00000115816,CEBPZ,-1,37231596,ENSG00000003509,NDUFAF7,1,37231658
ENSG00000003509,NDUFAF7,1,37231658,ENSG00000115816,CEBPZ,-1,37231596
ENSG00000005448,WDR54,1,74421730,ENSG00000284308,C2orf81,-1,74421619
ENSG00000115282,TTC31,1,74483081,ENSG00000135637,CCDC142,-1,74482998
ENSG00000135637,CCDC142,-1,74482998,ENSG00000115282,TTC31,1,74483081
ENSG00000115317,HTRA2,1,74529933,ENSG00000115307,AUP1,-1,74529706
ENSG00000115307,AUP1,-1,74529706,ENSG00000115317,HTRA2,1,74529933
ENSG00000132300,PTCD3,1,86106235,ENSG00000068654,POLR1A,-1,86105886
ENSG00000138078,PREPL,-1,44361494,ENSG00000143919,CAMKMT,1,44361947
ENSG00000135956,TMEM127,-1,96265997,ENSG00000144021,CIAO1,1,96266225
ENSG00000163516,ANKZF1,1,219229806,ENSG00000198925,ATG9A,-1,219229636
ENSG00000198925,ATG9A,-1,219229636,ENSG00000163516,ANKZF1,1,219229806
ENSG00000163521,GLB1L,-1,219245444,ENSG00000115661,STK16,1,219245479
ENSG00000115661,STK16,1,219245479,ENSG00000163521,GLB1L,-1,219245444
ENSG00000243910,TUBA4B,1,219253243,ENSG00000127824,TUBA4A,-1,219253918
ENSG00000152082,MZT2B,1,130182262,ENSG00000136699,SMPD4,-1,130181602
ENSG00000153832,FBXO36,1,229922503,ENSG00000153827,TRIP12,-1,229922009
ENSG00000162994,CLHC1,-1,55232293,ENSG00000143947,RPS27A,1,55232688
ENSG00000014641,MDH1,1,63588963,ENSG00000143951,WDPCP,-1,63588477
ENSG00000115234,SNX17,1,27370616,ENSG00000115211,EIF2B4,-1,27370338
ENSG00000115947,ORC4,-1,148020737,ENSG00000204406,MBD5,1,148021091
ENSG00000204406,MBD5,1,148021091,ENSG00000115947,ORC4,-1,148020737
ENSG00000221944,TIGD1,-1,232550557,ENSG00000135930,EIF4E2,1,232550689
ENSG00000144182,LIPT1,1,99154967,ENSG00000135951,TSGA10,-1,99154942
ENSG00000158411,MITD1,-1,99181058,ENSG00000185414,MRPL30,1,99181184
ENSG00000185414,MRPL30,1,99181184,ENSG00000158411,MITD1,-1,99181058
ENSG00000162971,TYW5,-1,199955491,ENSG00000162972,MAIP1,1,199955582
ENSG00000115541,HSPE1,1,197500379,ENSG00000144381,HSPD1,-1,197499840
ENSG00000154479,CFAP210,-1,169694405,ENSG00000144362,PHOSPHO2,1,169694469
ENSG00000144362,PHOSPHO2,1,169694469,ENSG00000154479,CFAP210,-1,169694405
ENSG00000144381,HSPD1,-1,197499840,ENSG00000115541,HSPE1,1,197500379
ENSG00000180228,PRKRA,-1,178451175,ENSG00000204311,PJVK,1,178451378
ENSG00000204311,PJVK,1,178451378,ENSG00000180228,PRKRA,-1,178451175
ENSG00000124006,OBSL1,-1,219571539,ENSG00000123999,INHA,1,219572310
ENSG00000123999,INHA,1,219572310,ENSG00000124006,OBSL1,-1,219571539
ENSG00000138433,CIR1,-1,174395712,ENSG00000144306,SCRN3,1,174395730
ENSG00000144306,SCRN3,1,174395730,ENSG00000138433,CIR1,-1,174395712
ENSG00000163214,DHX57,-1,38875934,ENSG00000188010,MORN2,1,38875976
ENSG00000135913,USP37,-1,218568351,ENSG00000144580,CNOT9,1,218568839
ENSG00000074582,BCS1L,1,218659683,ENSG00000115568,ZNF142,-1,218659623
ENSG00000163481,RNF25,-1,218672002,ENSG00000163482,STK36,1,218672086
ENSG00000163482,STK36,1,218672086,ENSG00000163481,RNF25,-1,218672002
ENSG00000115568,ZNF142,-1,218659623,ENSG00000074582,BCS1L,1,218659683
ENSG00000188760,TMEM198,1,219544028,ENSG00000123989,CHPF,-1,219543809
ENSG00000115318,LOXL3,-1,74553942,ENSG00000115325,DOK1,1,74554720
ENSG00000115993,TRAK2,-1,201451458,ENSG00000082146,STRADB,1,201451740
ENSG00000082146,STRADB,1,201451740,ENSG00000115993,TRAK2,-1,201451458
ENSG00000138092,CENPO,1,24793425,ENSG00000184924,PTRHD1,-1,24793391
ENSG00000143947,RPS27A,1,55232688,ENSG00000162994,CLHC1,-1,55232293
ENSG00000184924,PTRHD1,-1,24793391,ENSG00000138092,CENPO,1,24793425
ENSG00000119013,NDUFB3,1,201072001,ENSG00000155744,HYCC2,-1,201071671
ENSG00000138075,ABCG5,-1,43838839,ENSG00000143921,ABCG8,1,43838971
ENSG00000143921,ABCG8,1,43838971,ENSG00000138075,ABCG5,-1,43838839
ENSG00000138380,CARF,1,202912275,ENSG00000138442,WDR12,-1,202911673
ENSG00000068654,POLR1A,-1,86105886,ENSG00000132300,PTCD3,1,86106235
ENSG00000115827,DCAF17,1,171434226,ENSG00000123600,METTL8,-1,171433990
ENSG00000127824,TUBA4A,-1,219253918,ENSG00000243910,TUBA4B,1,219253243
ENSG00000138381,ASNSD1,1,189661459,ENSG00000286053,ASDURF,1,189661459
ENSG00000286053,ASDURF,1,189661459,ENSG00000138381,ASNSD1,1,189661459
ENSG00000128699,ORMDL1,-1,189784339,ENSG00000064933,PMS1,1,189784450
ENSG00000169031,COL4A3,1,227164624,ENSG00000081052,COL4A4,-1,227164205
ENSG00000081052,COL4A4,-1,227164205,ENSG00000169031,COL4A3,1,227164624
ENSG00000123600,METTL8,-1,171433990,ENSG00000115827,DCAF17,1,171434226
ENSG00000284308,C2orf81,-1,74421619,ENSG00000005448,WDR54,1,74421730
ENSG00000155744,HYCC2,-1,201071671,ENSG00000119013,NDUFB3,1,201072001
ENSG00000138442,WDR12,-1,202911673,ENSG00000138380,CARF,1,202912275
ENSG00000176714,CCDC121,-1,27629012,ENSG00000198522,GPN1,1,27629050
ENSG00000198522,GPN1,1,27629050,ENSG00000176714,CCDC121,-1,27629012
ENSG00000119760,SUPT7L,-1,27663614,ENSG00000163798,SLC4A1AP,1,27663889
ENSG00000196290,NIF3L1,1,200889371,ENSG00000240344,PPIL3,-1,200889077
ENSG00000176946,THAP4,-1,241637158,ENSG00000168397,ATG4B,1,241637693
ENSG00000064933,PMS1,1,189784450,ENSG00000128699,ORMDL1,-1,189784339
ENSG00000138018,SELENOI,1,26346143,ENSG00000173567,ADGRF3,-1,26346789
ENSG00000155368,DBI,1,119366977,ENSG00000186132,C2orf76,-1,119366834
ENSG00000188010,MORN2,1,38875976,ENSG00000163214,DHX57,-1,38875934
ENSG00000173567,ADGRF3,-1,26346789,ENSG00000138018,SELENOI,1,26346143
ENSG00000138074,SLC5A6,-1,27212268,ENSG00000138085,ATRAID,1,27212041
ENSG00000138085,ATRAID,1,27212041,ENSG00000138074,SLC5A6,-1,27212268
ENSG00000023228,NDUFS1,-1,206159444,ENSG00000114942,EEF1B2,1,206159895
ENSG00000114942,EEF1B2,1,206159895,ENSG00000023228,NDUFS1,-1,206159444
ENSG00000127837,AAMP,-1,218270137,ENSG00000127838,PNKD,1,218270519
ENSG00000127838,PNKD,1,218270519,ENSG00000127837,AAMP,-1,218270137
ENSG00000042445,RETSAT,-1,85354528,ENSG00000115459,ELMOD3,1,85354769
ENSG00000115459,ELMOD3,1,85354769,ENSG00000042445,RETSAT,-1,85354528
ENSG00000135930,EIF4E2,1,232550689,ENSG00000221944,TIGD1,-1,232550557
ENSG00000068912,ERLEC1,1,53787044,ENSG00000115239,ASB3,-1,53786953
ENSG00000123989,CHPF,-1,219543809,ENSG00000188760,TMEM198,1,219544028
ENSG00000162972,MAIP1,1,199955582,ENSG00000162971,TYW5,-1,199955491
ENSG00000124370,MCEE,-1,71130229,ENSG00000124383,MPHOSPH10,1,71130634
ENSG00000136699,SMPD4,-1,130181602,ENSG00000152082,MZT2B,1,130182262
ENSG00000152133,GPATCH11,1,37084518,ENSG00000008869,HEATR5B,-1,37084372
ENSG00000115325,DOK1,1,74554720,ENSG00000115318,LOXL3,-1,74553942
ENSG00000115211,EIF2B4,-1,27370338,ENSG00000115234,SNX17,1,27370616
ENSG00000171174,RBKS,-1,27890387,ENSG00000158019,BABAM2,1,27890729
ENSG00000124383,MPHOSPH10,1,71130634,ENSG00000124370,MCEE,-1,71130229
ENSG00000219626,FAM228B,1,24123469,ENSG00000176732,PFN4,-1,24123334
ENSG00000176732,PFN4,-1,24123334,ENSG00000219626,FAM228B,1,24123469
ENSG00000163798,SLC4A1AP,1,27663889,ENSG00000119760,SUPT7L,-1,27663614
ENSG00000162927,PUS10,-1,61018255,ENSG00000162928,PEX13,1,61017720
ENSG00000162928,PEX13,1,61017720,ENSG00000162927,PUS10,-1,61018255
ENSG00000119185,ITGB1BP1,-1,9423528,ENSG00000119203,CPSF3,1,9423654
ENSG00000119203,CPSF3,1,9423654,ENSG00000119185,ITGB1BP1,-1,9423528
ENSG00000153827,TRIP12,-1,229922009,ENSG00000153832,FBXO36,1,229922503
ENSG00000035115,SH3YL1,-1,264032,ENSG00000143727,ACP1,1,264947
ENSG00000143727,ACP1,1,264947,ENSG00000035115,SH3YL1,-1,264032
ENSG00000204923,FBXO48,-1,68467294,ENSG00000169621,APLF,1,68467585
ENSG00000169621,APLF,1,68467585,ENSG00000204923,FBXO48,-1,68467294
ENSG00000240344,PPIL3,-1,200889077,ENSG00000196290,NIF3L1,1,200889371
ENSG00000183513,COA5,-1,98608512,ENSG00000115446,UNC50,1,98608589
ENSG00000115446,UNC50,1,98608589,ENSG00000183513,COA5,-1,98608512
ENSG00000158019,BABAM2,1,27890729,ENSG00000171174,RBKS,-1,27890387
ENSG00000153237,CCDC148,-1,158456753,ENSG00000144283,PKP4,1,158456952
ENSG00000144283,PKP4,1,158456952,ENSG00000153237,CCDC148,-1,158456753
ENSG00000048991,R3HDM1,1,135531484,ENSG00000121988,ZRANB3,-1,135531218
ENSG00000143919,CAMKMT,1,44361947,ENSG00000138078,PREPL,-1,44361494
ENSG00000115687,PASK,-1,241149472,ENSG00000115685,PPP1R7,1,241150467
ENSG00000115685,PPP1R7,1,241150467,ENSG00000115687,PASK,-1,241149472
ENSG00000115677,HDLBP,-1,241315672,ENSG00000168385,SEPTIN2,1,241315925
ENSG00000115425,PECR,-1,216081809,ENSG00000163449,TMEM169,1,216081919
ENSG00000163449,TMEM169,1,216081919,ENSG00000115425,PECR,-1,216081809
ENSG00000144580,CNOT9,1,218568839,ENSG00000135913,USP37,-1,218568351
ENSG00000173614,NMNAT1,1,9943475,ENSG00000162441,LZIC,-1,9943391
ENSG00000157916,RER1,1,2391841,ENSG00000116151,MORN1,-1,2391554
ENSG00000060688,SNRNP40,-1,31296788,ENSG00000121766,ZCCHC17,1,31297032
ENSG00000142684,ZNF593,1,26169908,ENSG00000282872,C1orf232,-1,26168963
ENSG00000282872,C1orf232,-1,26168963,ENSG00000142684,ZNF593,1,26169908
ENSG00000116151,MORN1,-1,2391554,ENSG00000157916,RER1,1,2391841
ENSG00000116205,TCEANC2,1,54053608,ENSG00000116209,TMEM59,-1,54053204
ENSG00000116212,LRRC42,1,53946350,ENSG00000081870,IFT25,-1,53945699
ENSG00000213625,LEPROT,1,65420668,ENSG00000116678,LEPR,1,65420668
ENSG00000203965,EFCAB7,1,63523525,ENSG00000142856,ITGB3BP,-1,63523225
ENSG00000134748,PRPF38A,1,52404602,ENSG00000085840,ORC1,-1,52404423
ENSG00000137944,KYAT3,-1,88992629,ENSG00000213516,RBMXL1,-1,88992629
ENSG00000198198,SZT2,1,43389899,ENSG00000159479,MED8,-1,43389800
ENSG00000196505,GDAP2,-1,117929621,ENSG00000065183,WDR3,1,117929739
ENSG00000065183,WDR3,1,117929739,ENSG00000196505,GDAP2,-1,117929621
ENSG00000163156,SCNM1,1,151166144,ENSG00000163155,LYSMD1,-1,151165902
ENSG00000171943,SRGAP2C,1,121184975,ENSG00000188610,FAM72B,-1,121184340
ENSG00000163155,LYSMD1,-1,151165902,ENSG00000163156,SCNM1,1,151166144
ENSG00000143158,MPC2,-1,167937072,ENSG00000143164,DCAF6,1,167936683
ENSG00000000460,C1orf112,1,169795040,ENSG00000171806,METTL18,-1,169794907
ENSG00000143156,NME7,-1,169367797,ENSG00000117475,BLZF1,1,169368195
ENSG00000047410,TPR,-1,186375253,ENSG00000157181,ODR4,1,186375838
ENSG00000171806,METTL18,-1,169794907,ENSG00000000460,C1orf112,1,169795040
ENSG00000162851,TFB2M,-1,246566261,ENSG00000162852,CNST,1,246566456
ENSG00000143493,INTS7,-1,212035557,ENSG00000143476,DTL,1,212035748
ENSG00000092978,GPATCH2,-1,217631090,ENSG00000162814,SPATA17,1,217631344
ENSG00000162814,SPATA17,1,217631344,ENSG00000092978,GPATCH2,-1,217631090
ENSG00000143476,DTL,1,212035748,ENSG00000143493,INTS7,-1,212035557
ENSG00000121486,TRMT1L,-1,185156953,ENSG00000116668,SWT1,1,185157167
ENSG00000162852,CNST,1,246566456,ENSG00000162851,TFB2M,-1,246566261
ENSG00000116209,TMEM59,-1,54053204,ENSG00000116205,TCEANC2,1,54053608
ENSG00000116668,SWT1,1,185157167,ENSG00000121486,TRMT1L,-1,185156953
ENSG00000116906,GNPAT,1,231241212,ENSG00000143633,C1orf131,-1,231241175
ENSG00000157181,ODR4,1,186375838,ENSG00000047410,TPR,-1,186375253
ENSG00000117697,NSL1,-1,212791777,ENSG00000203705,TATDN3,1,212791894
ENSG00000010072,SPRTN,1,231338293,ENSG00000116903,EXOC8,-1,231337852
ENSG00000203705,TATDN3,1,212791894,ENSG00000117697,NSL1,-1,212791777
ENSG00000116903,EXOC8,-1,231337852,ENSG00000010072,SPRTN,1,231338293
ENSG00000007341,ST7L,-1,112619141,ENSG00000116489,CAPZA1,1,112619832
ENSG00000054282,SDCCAG8,1,243256041,ENSG00000143702,CEP170,-1,243255281
ENSG00000054267,ARID4B,-1,235328179,ENSG00000152904,GGPS1,1,235328570
ENSG00000163463,KRTCAP2,-1,155173304,ENSG00000163462,TRIM46,1,155173849
ENSG00000169231,THBS3,-1,155207897,ENSG00000173171,MTX1,1,155208695
ENSG00000257315,ZBED6,1,203795623,ENSG00000058673,ZC3H11A,1,203795623
ENSG00000058673,ZC3H11A,1,203795623,ENSG00000257315,ZBED6,1,203795623
ENSG00000143633,C1orf131,-1,231241175,ENSG00000116906,GNPAT,1,231241212
ENSG00000132773,TOE1,1,45340170,ENSG00000132781,MUTYH,-1,45339970
ENSG00000280670,CCDC163,-1,45500073,ENSG00000132763,MMACHC,1,45500300
ENSG00000132763,MMACHC,1,45500300,ENSG00000280670,CCDC163,-1,45500073
ENSG00000132676,DAP3,1,155689091,ENSG00000163374,YY1AP1,-1,155688774
ENSG00000160803,UBQLN4,-1,156053798,ENSG00000116586,LAMTOR2,1,156054782
ENSG00000163468,CCT3,-1,156338292,ENSG00000163467,TSACC,1,156338526
ENSG00000116678,LEPR,1,65420668,ENSG00000213625,LEPROT,1,65420668
ENSG00000162521,RBBP4,1,32651208,ENSG00000176261,ZBTB8OS,-1,32650550
ENSG00000116497,S100PBP,1,32817653,ENSG00000134684,YARS1,-1,32817358
ENSG00000126106,TMEM53,-1,44674481,ENSG00000198520,ARMH1,1,44674714
ENSG00000198520,ARMH1,1,44674714,ENSG00000126106,TMEM53,-1,44674481
ENSG00000126107,HECTD3,-1,45011324,ENSG00000126088,UROD,1,45012254
ENSG00000126088,UROD,1,45012254,ENSG00000126107,HECTD3,-1,45011324
ENSG00000162408,NOL9,-1,6554513,ENSG00000173662,TAS1R1,1,6555307
ENSG00000173662,TAS1R1,1,6555307,ENSG00000162408,NOL9,-1,6554513
ENSG00000186063,AIDA,-1,222712491,ENSG00000162819,BROX,1,222712564
ENSG00000162819,BROX,1,222712564,ENSG00000186063,AIDA,-1,222712491
ENSG00000164010,ERMAP,1,42817122,ENSG00000177868,SVBP,-1,42817397
ENSG00000116198,CEP104,-1,3857211,ENSG00000169598,DFFB,1,3857476
ENSG00000169598,DFFB,1,3857476,ENSG00000116198,CEP104,-1,3857211
ENSG00000116747,RO60,1,193059612,ENSG00000116750,UCHL5,-1,193059360
ENSG00000163467,TSACC,1,156338526,ENSG00000163468,CCT3,-1,156338292
ENSG00000243710,CFAP57,1,43172330,ENSG00000117395,EBNA1BP2,-1,43172290
ENSG00000117395,EBNA1BP2,-1,43172290,ENSG00000243710,CFAP57,1,43172330
ENSG00000121766,ZCCHC17,1,31297032,ENSG00000060688,SNRNP40,-1,31296788
ENSG00000142856,ITGB3BP,-1,63523225,ENSG00000203965,EFCAB7,1,63523525
ENSG00000135763,URB2,1,229626247,ENSG00000135801,TAF5L,-1,229626122
ENSG00000085840,ORC1,-1,52404423,ENSG00000134748,PRPF38A,1,52404602
ENSG00000117385,P3H1,-1,42767028,ENSG00000164008,C1orf50,1,42767249
ENSG00000162526,TSSK3,1,32362539,ENSG00000225828,FAM229A,-1,32362485
ENSG00000117593,DARS2,1,173824673,ENSG00000120334,CENPL,-1,173824883
ENSG00000143256,PFDN2,-1,161118037,ENSG00000158793,NIT1,1,161118105
ENSG00000158793,NIT1,1,161118105,ENSG00000143256,PFDN2,-1,161118037
ENSG00000156171,DRAM2,-1,111140093,ENSG00000134255,CEPT1,1,111140223
ENSG00000169291,SHE,-1,154502412,ENSG00000163239,TDRD10,1,154502219
ENSG00000187980,PLA2G2C,-1,20186518,ENSG00000162543,UBXN10,1,20186096
ENSG00000198160,MIER1,1,66924990,ENSG00000152763,DNAI4,-1,66924856
ENSG00000116750,UCHL5,-1,193059360,ENSG00000116747,RO60,1,193059612
ENSG00000081870,IFT25,-1,53945699,ENSG00000116212,LRRC42,1,53946350
ENSG00000213516,RBMXL1,-1,88992629,ENSG00000137944,KYAT3,-1,88992629
ENSG00000134183,GNAT2,-1,109619616,ENSG00000116337,AMPD2,1,109619837
ENSG00000116221,MRPL37,1,54200167,ENSG00000215883,CYB5RL,-1,54200030
ENSG00000163239,TDRD10,1,154502219,ENSG00000169291,SHE,-1,154502412
ENSG00000159479,MED8,-1,43389800,ENSG00000198198,SZT2,1,43389899
ENSG00000116337,AMPD2,1,109619837,ENSG00000134183,GNAT2,-1,109619616
ENSG00000143319,ISG20L2,-1,156728766,ENSG00000143303,METTL25B,1,156728469
ENSG00000143303,METTL25B,1,156728469,ENSG00000143319,ISG20L2,-1,156728766
ENSG00000156876,SASS6,-1,100132930,ENSG00000122435,TRMT13,1,100133163
ENSG00000162620,LRRIQ3,-1,74198176,ENSG00000254685,FPGT,1,74198242
ENSG00000116791,CRYZ,-1,74733050,ENSG00000162623,TYW3,1,74733152
ENSG00000162623,TYW3,1,74733152,ENSG00000116791,CRYZ,-1,74733050
ENSG00000184260,H2AC20,1,149886918,ENSG00000184678,H2BC21,-1,149886682
ENSG00000184678,H2BC21,-1,149886682,ENSG00000184260,H2AC20,1,149886918
ENSG00000163374,YY1AP1,-1,155688774,ENSG00000132676,DAP3,1,155689091
ENSG00000143740,SNAP47,1,227735435,ENSG00000081692,JMJD4,-1,227735302
ENSG00000081692,JMJD4,-1,227735302,ENSG00000143740,SNAP47,1,227735435
ENSG00000173171,MTX1,1,155208695,ENSG00000169231,THBS3,-1,155207897
ENSG00000020129,NCDN,1,35557799,ENSG00000142687,KIAA0319L,-1,35557403
ENSG00000174842,GLMN,-1,92298987,ENSG00000122484,RPAP2,1,92299059
ENSG00000122484,RPAP2,1,92299059,ENSG00000174842,GLMN,-1,92298987
ENSG00000176261,ZBTB8OS,-1,32650550,ENSG00000162521,RBBP4,1,32651208
ENSG00000197622,CDC42SE1,-1,151059622,ENSG00000213190,MLLT11,1,151060397
ENSG00000213190,MLLT11,1,151060397,ENSG00000197622,CDC42SE1,-1,151059622
ENSG00000054277,OPN3,-1,241640369,ENSG00000203668,CHML,-1,241640369
ENSG00000203668,CHML,-1,241640369,ENSG00000054277,OPN3,-1,241640369
ENSG00000152763,DNAI4,-1,66924856,ENSG00000198160,MIER1,1,66924990
ENSG00000254685,FPGT,1,74198242,ENSG00000162620,LRRIQ3,-1,74198176
ENSG00000196550,FAM72A,-1,206202839,ENSG00000266028,SRGAP2,1,206203541
ENSG00000266028,SRGAP2,1,206203541,ENSG00000196550,FAM72A,-1,206202839
ENSG00000215883,CYB5RL,-1,54200030,ENSG00000116221,MRPL37,1,54200167
ENSG00000120334,CENPL,-1,173824883,ENSG00000117593,DARS2,1,173824673
ENSG00000189171,S100A13,-1,153627505,ENSG00000160678,S100A1,1,153628434
ENSG00000160678,S100A1,1,153628434,ENSG00000189171,S100A13,-1,153627505
ENSG00000117500,TMED5,-1,93180413,ENSG00000122483,CCDC18,1,93180724
ENSG00000122483,CCDC18,1,93180724,ENSG00000117500,TMED5,-1,93180413
ENSG00000177868,SVBP,-1,42817397,ENSG00000164010,ERMAP,1,42817122
ENSG00000163354,DCST2,-1,155033781,ENSG00000163357,DCST1,1,155033824
ENSG00000163357,DCST1,1,155033824,ENSG00000163354,DCST2,-1,155033781
ENSG00000215784,FAM72D,1,145095974,ENSG00000196369,SRGAP2B,-1,145095328
ENSG00000272031,ANKRD34A,-1,145964575,ENSG00000121851,POLR3GL,1,145964690
ENSG00000121851,POLR3GL,1,145964690,ENSG00000272031,ANKRD34A,-1,145964575
ENSG00000163462,TRIM46,1,155173849,ENSG00000163463,KRTCAP2,-1,155173304
ENSG00000143164,DCAF6,1,167936683,ENSG00000143158,MPC2,-1,167937072
ENSG00000122435,TRMT13,1,100133163,ENSG00000156876,SASS6,-1,100132930
ENSG00000116489,CAPZA1,1,112619832,ENSG00000007341,ST7L,-1,112619141
ENSG00000117475,BLZF1,1,169368195,ENSG00000143156,NME7,-1,169367797
ENSG00000127125,PPCS,1,42456543,ENSG00000066185,ZMYND12,-1,42456022
ENSG00000053372,MRTO4,1,19251805,ENSG00000127463,EMC1,-1,19251524
ENSG00000053371,AKR7A2,-1,19312144,ENSG00000040487,SLC66A1,1,19312326
ENSG00000040487,SLC66A1,1,19312326,ENSG00000053371,AKR7A2,-1,19312144
ENSG00000127463,EMC1,-1,19251524,ENSG00000053372,MRTO4,1,19251805
ENSG00000164008,C1orf50,1,42767249,ENSG00000117385,P3H1,-1,42767028
ENSG00000116455,WDR77,-1,111449256,ENSG00000116459,ATP5PB,1,111449464
ENSG00000116459,ATP5PB,1,111449464,ENSG00000116455,WDR77,-1,111449256
ENSG00000121933,TMIGD3,-1,111503633,ENSG00000282608,ADORA3,-1,111503633
ENSG00000282608,ADORA3,-1,111503633,ENSG00000121933,TMIGD3,-1,111503633
ENSG00000183291,SELENOF,-1,86914126,ENSG00000153936,HS2ST1,1,86914635
ENSG00000153936,HS2ST1,1,86914635,ENSG00000183291,SELENOF,-1,86914126
ENSG00000181218,H2AC25,-1,228457873,ENSG00000196890,H2BC26,1,228458103
ENSG00000196890,H2BC26,1,228458103,ENSG00000181218,H2AC25,-1,228457873
ENSG00000177000,MTHFR,-1,11805964,ENSG00000011021,CLCN6,1,11806191
ENSG00000225828,FAM229A,-1,32362485,ENSG00000162526,TSSK3,1,32362539
ENSG00000196369,SRGAP2B,-1,145095328,ENSG00000215784,FAM72D,1,145095974
ENSG00000066185,ZMYND12,-1,42456022,ENSG00000127125,PPCS,1,42456543
ENSG00000134684,YARS1,-1,32817358,ENSG00000116497,S100PBP,1,32817653
ENSG00000122218,COPA,-1,160343250,ENSG00000162736,NCSTN,1,160343383
ENSG00000152904,GGPS1,1,235328570,ENSG00000054267,ARID4B,-1,235328179
ENSG00000084623,EIF3I,1,32222407,ENSG00000160055,TMEM234,-1,32222353
ENSG00000143569,UBAP2L,1,154220955,ENSG00000143612,C1orf43,-1,154220590
ENSG00000143612,C1orf43,-1,154220590,ENSG00000143569,UBAP2L,1,154220955
ENSG00000142687,KIAA0319L,-1,35557403,ENSG00000020129,NCDN,1,35557799
ENSG00000116586,LAMTOR2,1,156054782,ENSG00000160803,UBQLN4,-1,156053798
ENSG00000134262,AP4B1,-1,113904799,ENSG00000118655,DCLRE1B,1,113905326
ENSG00000118655,DCLRE1B,1,113905326,ENSG00000134262,AP4B1,-1,113904799
ENSG00000116661,FBXO2,-1,11654429,ENSG00000132879,FBXO44,1,11654877
ENSG00000132879,FBXO44,1,11654877,ENSG00000116661,FBXO2,-1,11654429
ENSG00000174021,GNG5,-1,84506581,ENSG00000122432,SPATA1,1,84506386
ENSG00000188610,FAM72B,-1,121184340,ENSG00000171943,SRGAP2C,1,121184975
ENSG00000143643,TTC13,-1,230978861,ENSG00000173409,ARV1,1,230979094
ENSG00000173409,ARV1,1,230979094,ENSG00000143643,TTC13,-1,230978861
ENSG00000160055,TMEM234,-1,32222353,ENSG00000084623,EIF3I,1,32222407
ENSG00000078808,SDF4,-1,1232001,ENSG00000176022,B3GALT6,1,1232237
ENSG00000176022,B3GALT6,1,1232237,ENSG00000078808,SDF4,-1,1232001
ENSG00000131584,ACAP3,-1,1307930,ENSG00000169972,PUSL1,1,1308597
ENSG00000127054,INTS11,-1,1324660,ENSG00000224051,CPTP,1,1324802
ENSG00000224051,CPTP,1,1324802,ENSG00000127054,INTS11,-1,1324660
ENSG00000162441,LZIC,-1,9943391,ENSG00000173614,NMNAT1,1,9943475
ENSG00000265491,RNF115,-1,145824095,ENSG00000186141,POLR3C,1,145824200
ENSG00000186141,POLR3C,1,145824200,ENSG00000265491,RNF115,-1,145824095
ENSG00000162736,NCSTN,1,160343383,ENSG00000122218,COPA,-1,160343250
ENSG00000135801,TAF5L,-1,229626122,ENSG00000135763,URB2,1,229626247
ENSG00000134255,CEPT1,1,111140223,ENSG00000156171,DRAM2,-1,111140093
ENSG00000143702,CEP170,-1,243255281,ENSG00000054282,SDCCAG8,1,243256041
ENSG00000169972,PUSL1,1,1308597,ENSG00000131584,ACAP3,-1,1307930
ENSG00000162543,UBXN10,1,20186096,ENSG00000187980,PLA2G2C,-1,20186518
ENSG00000122432,SPATA1,1,84506386,ENSG00000174021,GNG5,-1,84506581
ENSG00000011021,CLCN6,1,11806191,ENSG00000177000,MTHFR,-1,11805964
ENSG00000196449,YRDC,-1,37808208,ENSG00000197982,C1orf122,1,37807790
ENSG00000197982,C1orf122,1,37807790,ENSG00000196449,YRDC,-1,37808208
ENSG00000132128,LRRC41,-1,46303616,ENSG00000173660,UQCRH,1,46303698
ENSG00000173660,UQCRH,1,46303698,ENSG00000132128,LRRC41,-1,46303616
ENSG00000132781,MUTYH,-1,45339970,ENSG00000132773,TOE1,1,45340170
